Sample,Dimension,Sobol,Faure,Uniform
1,1,0.48437500,0.32812500,0.37454011
1,2,0.82812500,0.98437500,0.79654298
2,1,0.35937500,0.82812500,0.95071431
2,2,0.45312500,0.48437500,0.18343479
3,1,0.85937500,0.20312500,0.73199394
3,2,0.95312500,0.60937500,0.77969100
4,1,0.60937500,0.70312500,0.59865849
4,2,0.20312500,0.10937500,0.59685016
5,1,0.10937500,0.45312500,0.15601864
5,2,0.70312500,0.35937500,0.44583276
6,1,0.07812500,0.95312500,0.15599452
6,2,0.23437500,0.85937500,0.09997492
7,1,0.57812500,0.04687500,0.05808361
7,2,0.73437500,0.26562500,0.45924889
8,1,0.82812500,0.54687500,0.86617615
8,2,0.48437500,0.76562500,0.33370861
9,1,0.32812500,0.29687500,0.60111501
9,2,0.98437500,0.51562500,0.14286681
10,1,0.45312500,0.79687500,0.70807258
10,2,0.35937500,0.01562500,0.65088847
11,1,0.95312500,0.17187500,0.02058450
11,2,0.85937500,0.89062500,0.05641158
12,1,0.70312500,0.67187500,0.96990985
12,2,0.10937500,0.39062500,0.72199877
13,1,0.20312500,0.42187500,0.83244264
13,2,0.60937500,0.14062500,0.93855271
14,1,0.14062500,0.92187500,0.21233911
14,2,0.42187500,0.64062500,0.00077876
15,1,0.64062500,0.10937500,0.18182497
15,2,0.92187500,0.70312500,0.99221156
16,1,0.89062500,0.60937500,0.18340451
16,2,0.17187500,0.20312500,0.61748151
17,1,0.39062500,0.35937500,0.30424224
17,2,0.67187500,0.45312500,0.61165316
18,1,0.26562500,0.85937500,0.52475644
18,2,0.04687500,0.95312500,0.00706631
19,1,0.76562500,0.23437500,0.43194502
19,2,0.54687500,0.07812500,0.02306243
20,1,0.51562500,0.73437500,0.29122914
20,2,0.29687500,0.57812500,0.52477466
21,1,0.01562500,0.48437500,0.61185290
21,2,0.79687500,0.82812500,0.39986098
22,1,0.02343750,0.98437500,0.13949386
22,2,0.39843750,0.32812500,0.04666567
23,1,0.52343750,0.00781250,0.29214465
23,2,0.89843750,0.66406250,0.97375552
24,1,0.77343750,0.50781250,0.36636185
24,2,0.14843750,0.16406250,0.23277134
25,1,0.27343750,0.25781250,0.45606999
25,2,0.64843750,0.41406250,0.09060644
26,1,0.39843750,0.75781250,0.78517596
26,2,0.02343750,0.91406250,0.61838601
27,1,0.89843750,0.13281250,0.19967378
27,2,0.52343750,0.03906250,0.38246199
28,1,0.64843750,0.63281250,0.51423444
28,2,0.27343750,0.53906250,0.98323089
29,1,0.14843750,0.38281250,0.59241457
29,2,0.77343750,0.78906250,0.46676290
30,1,0.21093750,0.88281250,0.04645041
30,2,0.21093750,0.28906250,0.85994040
31,1,0.71093750,0.07031250,0.60754485
31,2,0.71093750,0.35156250,0.68030754
32,1,0.96093750,0.57031250,0.17052412
32,2,0.46093750,0.85156250,0.45049925
33,1,0.46093750,0.32031250,0.06505159
33,2,0.96093750,0.60156250,0.01326496
34,1,0.33593750,0.82031250,0.94888553
34,2,0.33593750,0.10156250,0.94220175
35,1,0.83593750,0.19531250,0.96563204
35,2,0.83593750,0.97656250,0.56328821
36,1,0.58593750,0.69531250,0.80839735
36,2,0.08593750,0.47656250,0.38541651
37,1,0.08593750,0.44531250,0.30461377
37,2,0.58593750,0.22656250,0.01596626
38,1,0.11718750,0.94531250,0.09767212
38,2,0.11718750,0.72656250,0.23089382
39,1,0.61718750,0.03906250,0.68423303
39,2,0.61718750,0.13281250,0.24102547
40,1,0.86718750,0.53906250,0.44015249
40,2,0.36718750,0.63281250,0.68326352
41,1,0.36718750,0.28906250,0.12203823
41,2,0.86718750,0.88281250,0.60999666
42,1,0.49218750,0.78906250,0.49517691
42,2,0.49218750,0.38281250,0.83319491
43,1,0.99218750,0.16406250,0.03438852
43,2,0.99218750,0.50781250,0.17336465
44,1,0.74218750,0.66406250,0.90932040
44,2,0.24218750,0.00781250,0.39106061
45,1,0.24218750,0.41406250,0.25877998
45,2,0.74218750,0.25781250,0.18223609
46,1,0.17968750,0.91406250,0.66252228
46,2,0.30468750,0.75781250,0.75536141
47,1,0.67968750,0.10156250,0.31171107
47,2,0.80468750,0.82031250,0.42515588
48,1,0.92968750,0.60156250,0.52006802
48,2,0.05468750,0.32031250,0.20794166
49,1,0.42968750,0.35156250,0.54671028
49,2,0.55468750,0.07031250,0.56770033
50,1,0.30468750,0.85156250,0.18485446
50,2,0.17968750,0.57031250,0.03131329
51,1,0.80468750,0.22656250,0.96958463
51,2,0.67968750,0.44531250,0.84228477
52,1,0.55468750,0.72656250,0.77513283
52,2,0.42968750,0.94531250,0.44975413
53,1,0.05468750,0.47656250,0.93949894
53,2,0.92968750,0.69531250,0.39515023
54,1,0.03906250,0.97656250,0.89482735
54,2,0.13281250,0.19531250,0.92665886
55,1,0.53906250,0.02343750,0.59789998
55,2,0.63281250,0.39843750,0.72727200
56,1,0.78906250,0.52343750,0.92187424
56,2,0.38281250,0.89843750,0.32654077
57,1,0.28906250,0.27343750,0.08849250
57,2,0.88281250,0.64843750,0.57044398
58,1,0.41406250,0.77343750,0.19598286
58,2,0.25781250,0.14843750,0.52083427
59,1,0.91406250,0.14843750,0.04522729
59,2,0.75781250,0.77343750,0.96117203
60,1,0.66406250,0.64843750,0.32533033
60,2,0.00781250,0.27343750,0.84453385
61,1,0.16406250,0.39843750,0.38867729
61,2,0.50781250,0.02343750,0.74732011
62,1,0.22656250,0.89843750,0.27134903
62,2,0.44531250,0.52343750,0.53969213
63,1,0.72656250,0.08593750,0.82873751
63,2,0.94531250,0.58593750,0.58675117
64,1,0.97656250,0.58593750,0.35675333
64,2,0.19531250,0.08593750,0.96525531
65,1,0.47656250,0.33593750,0.28093451
65,2,0.69531250,0.33593750,0.60703425
66,1,0.35156250,0.83593750,0.54269609
66,2,0.07031250,0.83593750,0.27599918
67,1,0.85156250,0.21093750,0.14092422
67,2,0.57031250,0.21093750,0.29627351
68,1,0.60156250,0.71093750,0.80219698
68,2,0.32031250,0.71093750,0.16526694
69,1,0.10156250,0.46093750,0.07455064
69,2,0.82031250,0.96093750,0.01563640
70,1,0.07031250,0.96093750,0.98688693
70,2,0.35156250,0.46093750,0.42340148
71,1,0.57031250,0.05468750,0.77224477
71,2,0.85156250,0.92968750,0.39488152
72,1,0.82031250,0.55468750,0.19871568
72,2,0.10156250,0.42968750,0.29348818
73,1,0.32031250,0.30468750,0.00552212
73,2,0.60156250,0.17968750,0.01407982
74,1,0.44531250,0.80468750,0.81546143
74,2,0.22656250,0.67968750,0.19884240
75,1,0.94531250,0.17968750,0.70685734
75,2,0.72656250,0.30468750,0.71134195
76,1,0.69531250,0.67968750,0.72900716
76,2,0.47656250,0.80468750,0.79017554
77,1,0.19531250,0.42968750,0.77127034
77,2,0.97656250,0.55468750,0.60595998
78,1,0.13281250,0.92968750,0.07404465
78,2,0.03906250,0.05468750,0.92630088
79,1,0.63281250,0.11718750,0.35846573
79,2,0.53906250,0.11718750,0.65107703
80,1,0.88281250,0.61718750,0.11586905
80,2,0.28906250,0.61718750,0.91495968
81,1,0.38281250,0.36718750,0.86310342
81,2,0.78906250,0.86718750,0.85003858
82,1,0.25781250,0.86718750,0.62329813
82,2,0.41406250,0.36718750,0.44945067
83,1,0.75781250,0.24218750,0.33089802
83,2,0.91406250,0.74218750,0.09541012
84,1,0.50781250,0.74218750,0.06355835
84,2,0.16406250,0.24218750,0.37081826
85,1,0.00781250,0.49218750,0.31098232
85,2,0.66406250,0.49218750,0.66884126
86,1,0.01171875,0.99218750,0.32518332
86,2,0.33203125,0.99218750,0.66592235
87,1,0.51171875,0.00390625,0.72960617
87,2,0.83203125,0.99609375,0.59129779
88,1,0.76171875,0.50390625,0.63755747
88,2,0.08203125,0.49609375,0.27472179
89,1,0.26171875,0.25390625,0.88721274
89,2,0.58203125,0.24609375,0.56124342
90,1,0.38671875,0.75390625,0.47221492
90,2,0.20703125,0.74609375,0.38292687
91,1,0.88671875,0.12890625,0.11959424
91,2,0.70703125,0.37109375,0.97171209
92,1,0.63671875,0.62890625,0.71324478
92,2,0.45703125,0.87109375,0.84891382
93,1,0.13671875,0.37890625,0.76078504
93,2,0.95703125,0.62109375,0.72172952
94,1,0.19921875,0.87890625,0.56127720
94,2,0.01953125,0.12109375,0.23598492
95,1,0.69921875,0.06640625,0.77096719
95,2,0.51953125,0.05859375,0.25606832
96,1,0.94921875,0.56640625,0.49379560
96,2,0.26953125,0.55859375,0.04043359
97,1,0.44921875,0.31640625,0.52273283
97,2,0.76953125,0.80859375,0.71066289
98,1,0.32421875,0.81640625,0.42754102
98,2,0.39453125,0.30859375,0.11089083
99,1,0.82421875,0.19140625,0.02541913
99,2,0.89453125,0.68359375,0.43933651
100,1,0.57421875,0.69140625,0.10789143
100,2,0.14453125,0.18359375,0.20171921
101,1,0.07421875,0.44140625,0.03142919
101,2,0.64453125,0.43359375,0.89576360
102,1,0.10546875,0.94140625,0.63641041
102,2,0.17578125,0.93359375,0.47537022
103,1,0.60546875,0.03515625,0.31435598
103,2,0.67578125,0.46484375,0.56327557
104,1,0.85546875,0.53515625,0.50857069
104,2,0.42578125,0.96484375,0.69551608
105,1,0.35546875,0.28515625,0.90756648
105,2,0.92578125,0.71484375,0.13933145
106,1,0.48046875,0.78515625,0.24929223
106,2,0.30078125,0.21484375,0.60441738
107,1,0.98046875,0.16015625,0.41038292
107,2,0.80078125,0.83984375,0.53984109
108,1,0.73046875,0.66015625,0.75555114
108,2,0.05078125,0.33984375,0.20306123
109,1,0.23046875,0.41015625,0.22879816
109,2,0.55078125,0.08984375,0.94285357
110,1,0.16796875,0.91015625,0.07697991
110,2,0.48828125,0.58984375,0.59886547
111,1,0.66796875,0.09765625,0.28975145
111,2,0.98828125,0.52734375,0.69478494
112,1,0.91796875,0.59765625,0.16122129
112,2,0.23828125,0.02734375,0.88046784
113,1,0.41796875,0.34765625,0.92969765
113,2,0.73828125,0.27734375,0.62435404
114,1,0.29296875,0.84765625,0.80812038
114,2,0.11328125,0.77734375,0.29563369
115,1,0.79296875,0.22265625,0.63340376
115,2,0.61328125,0.15234375,0.10549426
116,1,0.54296875,0.72265625,0.87146059
116,2,0.36328125,0.65234375,0.45653457
117,1,0.04296875,0.47265625,0.80367208
117,2,0.86328125,0.90234375,0.21844044
118,1,0.05859375,0.97265625,0.18657006
118,2,0.06640625,0.40234375,0.41650995
119,1,0.55859375,0.01953125,0.89255900
119,2,0.56640625,0.19921875,0.88328026
120,1,0.80859375,0.51953125,0.53934224
120,2,0.31640625,0.69921875,0.32434502
121,1,0.30859375,0.26953125,0.80744016
121,2,0.81640625,0.94921875,0.12208795
122,1,0.43359375,0.76953125,0.89609130
122,2,0.44140625,0.44921875,0.35629784
123,1,0.93359375,0.14453125,0.31800347
123,2,0.94140625,0.57421875,0.90682845
124,1,0.68359375,0.64453125,0.11005192
124,2,0.19140625,0.07421875,0.27213225
125,1,0.18359375,0.39453125,0.22793516
125,2,0.69140625,0.32421875,0.64769012
126,1,0.24609375,0.89453125,0.42710780
126,2,0.25390625,0.82421875,0.00052038
127,1,0.74609375,0.08203125,0.81801477
127,2,0.75390625,0.76171875,0.35256885
128,1,0.99609375,0.58203125,0.86073058
128,2,0.00390625,0.26171875,0.30478126
129,1,0.49609375,0.33203125,0.00695213
129,2,0.50390625,0.01171875,0.16465585
130,1,0.37109375,0.83203125,0.51074730
130,2,0.12890625,0.51171875,0.53408942
131,1,0.87109375,0.20703125,0.41741100
131,2,0.62890625,0.38671875,0.48482998
132,1,0.62109375,0.70703125,0.22210781
132,2,0.37890625,0.88671875,0.69243603
133,1,0.12109375,0.45703125,0.11986537
133,2,0.87890625,0.63671875,0.26941233
134,1,0.08984375,0.95703125,0.33761517
134,2,0.41015625,0.13671875,0.24412552
135,1,0.58984375,0.05078125,0.94290971
135,2,0.91015625,0.73046875,0.16829105
136,1,0.83984375,0.55078125,0.32320294
136,2,0.16015625,0.23046875,0.21876422
137,1,0.33984375,0.30078125,0.51879062
137,2,0.66015625,0.48046875,0.55810200
138,1,0.46484375,0.80078125,0.70301896
138,2,0.03515625,0.98046875,0.40383617
139,1,0.96484375,0.17578125,0.36362961
139,2,0.53515625,0.10546875,0.06489225
140,1,0.71484375,0.67578125,0.97178208
140,2,0.28515625,0.60546875,0.25391541
141,1,0.21484375,0.42578125,0.96244730
141,2,0.78515625,0.85546875,0.24687606
142,1,0.15234375,0.92578125,0.25178230
142,2,0.22265625,0.35546875,0.69630427
143,1,0.65234375,0.11328125,0.49724850
143,2,0.72265625,0.29296875,0.71227059
144,1,0.90234375,0.61328125,0.30087831
144,2,0.47265625,0.79296875,0.14808693
145,1,0.40234375,0.36328125,0.28484049
145,2,0.97265625,0.54296875,0.99774049
146,1,0.27734375,0.86328125,0.03688695
146,2,0.34765625,0.04296875,0.26678102
147,1,0.77734375,0.23828125,0.60956433
147,2,0.84765625,0.91796875,0.97661495
148,1,0.52734375,0.73828125,0.50267902
148,2,0.09765625,0.41796875,0.41103702
149,1,0.02734375,0.48828125,0.05147876
149,2,0.59765625,0.16796875,0.03305074
150,1,0.01953125,0.98828125,0.27864646
150,2,0.19921875,0.66796875,0.34507125
151,1,0.51953125,0.01171875,0.90826588
151,2,0.69921875,0.33203125,0.63435134
152,1,0.76953125,0.51171875,0.23956189
152,2,0.44921875,0.83203125,0.68070546
153,1,0.26953125,0.26171875,0.14489487
153,2,0.94921875,0.58203125,0.53093458
154,1,0.39453125,0.76171875,0.48945276
154,2,0.32421875,0.08203125,0.44778316
155,1,0.89453125,0.13671875,0.98565046
155,2,0.82421875,0.95703125,0.55289309
156,1,0.64453125,0.63671875,0.24205527
156,2,0.07421875,0.45703125,0.59269672
157,1,0.14453125,0.38671875,0.67213555
157,2,0.57421875,0.20703125,0.08085333
158,1,0.20703125,0.88671875,0.76161961
158,2,0.38671875,0.70703125,0.36965446
159,1,0.70703125,0.07421875,0.23763755
159,2,0.88671875,0.64453125,0.24215994
160,1,0.95703125,0.57421875,0.72821635
160,2,0.13671875,0.14453125,0.80313975
161,1,0.45703125,0.32421875,0.36778313
161,2,0.63671875,0.39453125,0.47030063
162,1,0.33203125,0.82421875,0.63230583
162,2,0.01171875,0.89453125,0.98342314
163,1,0.83203125,0.19921875,0.63352971
163,2,0.51171875,0.01953125,0.39882444
164,1,0.58203125,0.69921875,0.53577468
164,2,0.26171875,0.51953125,0.81643188
165,1,0.08203125,0.44921875,0.09028977
165,2,0.76171875,0.76953125,0.79834512
166,1,0.11328125,0.94921875,0.83530249
166,2,0.29296875,0.26953125,0.15071754
167,1,0.61328125,0.04296875,0.32078007
167,2,0.79296875,0.86328125,0.50819878
168,1,0.86328125,0.54296875,0.18651851
168,2,0.04296875,0.36328125,0.69581281
169,1,0.36328125,0.29296875,0.04077514
169,2,0.54296875,0.11328125,0.85835880
170,1,0.48828125,0.79296875,0.59089295
170,2,0.16796875,0.61328125,0.32595891
171,1,0.98828125,0.16796875,0.67756437
171,2,0.66796875,0.48828125,0.22024105
172,1,0.73828125,0.66796875,0.01658783
172,2,0.41796875,0.98828125,0.71114953
173,1,0.23828125,0.41796875,0.51209305
173,2,0.91796875,0.73828125,0.80950105
174,1,0.17578125,0.91796875,0.22649578
174,2,0.10546875,0.23828125,0.34866599
175,1,0.67578125,0.10546875,0.64517280
175,2,0.60546875,0.17578125,0.09617655
176,1,0.92578125,0.60546875,0.17436643
176,2,0.35546875,0.67578125,0.94052326
177,1,0.42578125,0.35546875,0.69093774
177,2,0.85546875,0.92578125,0.39757202
178,1,0.30078125,0.85546875,0.38673535
178,2,0.48046875,0.42578125,0.51775134
179,1,0.80078125,0.23046875,0.93672999
179,2,0.98046875,0.55078125,0.83771011
180,1,0.55078125,0.73046875,0.13752094
180,2,0.23046875,0.05078125,0.67569012
181,1,0.05078125,0.48046875,0.34106635
181,2,0.73046875,0.30078125,0.73521612
182,1,0.03515625,0.98046875,0.11347353
182,2,0.46484375,0.80078125,0.20907162
183,1,0.53515625,0.02734375,0.92469362
183,2,0.96484375,0.59765625,0.54144797
184,1,0.78515625,0.52734375,0.87733935
184,2,0.21484375,0.09765625,0.69578440
185,1,0.28515625,0.27734375,0.25794163
185,2,0.71484375,0.34765625,0.22855002
186,1,0.41015625,0.77734375,0.65998405
186,2,0.08984375,0.84765625,0.17495492
187,1,0.91015625,0.15234375,0.81722220
187,2,0.58984375,0.22265625,0.98216834
188,1,0.66015625,0.65234375,0.55520081
188,2,0.33984375,0.72265625,0.51663589
189,1,0.16015625,0.40234375,0.52965058
189,2,0.83984375,0.97265625,0.26082918
190,1,0.22265625,0.90234375,0.24185228
190,2,0.15234375,0.47265625,0.99625370
191,1,0.72265625,0.08984375,0.09310276
191,2,0.65234375,0.41015625,0.96541935
192,1,0.97265625,0.58984375,0.89721576
192,2,0.40234375,0.91015625,0.55829345
193,1,0.47265625,0.33984375,0.90041805
193,2,0.90234375,0.66015625,0.88263635
194,1,0.34765625,0.83984375,0.63310146
194,2,0.27734375,0.16015625,0.18870711
195,1,0.84765625,0.21484375,0.33902979
195,2,0.77734375,0.78515625,0.27887135
196,1,0.59765625,0.71484375,0.34920957
196,2,0.02734375,0.28515625,0.70035783
197,1,0.09765625,0.46484375,0.72595568
197,2,0.52734375,0.03515625,0.84666114
198,1,0.06640625,0.96484375,0.89711025
198,2,0.05859375,0.53515625,0.85632429
199,1,0.56640625,0.05859375,0.88708643
199,2,0.55859375,0.06640625,0.40450813
200,1,0.81640625,0.55859375,0.77987554
200,2,0.30859375,0.56640625,0.88777009
201,1,0.31640625,0.30859375,0.64203165
201,2,0.80859375,0.81640625,0.85092845
202,1,0.44140625,0.80859375,0.08413996
202,2,0.43359375,0.31640625,0.93563500
203,1,0.94140625,0.18359375,0.16162871
203,2,0.93359375,0.69140625,0.78534065
204,1,0.69140625,0.68359375,0.89855418
204,2,0.18359375,0.19140625,0.66898825
205,1,0.19140625,0.43359375,0.60642906
205,2,0.68359375,0.44140625,0.58068663
206,1,0.12890625,0.93359375,0.00919705
206,2,0.37109375,0.94140625,0.37228277
207,1,0.62890625,0.12109375,0.10147154
207,2,0.87109375,0.87890625,0.94013344
208,1,0.87890625,0.62109375,0.66350176
208,2,0.12109375,0.37890625,0.97366384
209,1,0.37890625,0.37109375,0.00506159
209,2,0.62109375,0.12890625,0.28392098
210,1,0.25390625,0.87109375,0.16080806
210,2,0.24609375,0.62890625,0.30536386
211,1,0.75390625,0.24609375,0.54873379
211,2,0.74609375,0.25390625,0.48561375
212,1,0.50390625,0.74609375,0.69189520
212,2,0.49609375,0.75390625,0.44842414
213,1,0.00390625,0.49609375,0.65196126
213,2,0.99609375,0.50390625,0.99445747
214,1,0.00585938,0.99609375,0.22426931
214,2,0.49804688,0.00390625,0.17592525
215,1,0.50585938,0.00195312,0.71217922
215,2,0.99804688,0.50195312,0.01807536
216,1,0.75585938,0.50195312,0.23724908
216,2,0.24804688,0.00195312,0.49389372
217,1,0.25585938,0.25195312,0.32539970
217,2,0.74804688,0.25195312,0.17882271
218,1,0.38085938,0.75195312,0.74649141
218,2,0.12304688,0.75195312,0.36646879
219,1,0.88085938,0.12695312,0.64963290
219,2,0.62304688,0.12695312,0.74417052
220,1,0.63085938,0.62695312,0.84922341
220,2,0.37304688,0.62695312,0.72093992
221,1,0.13085938,0.37695312,0.65761289
221,2,0.87304688,0.87695312,0.30806079
222,1,0.19335938,0.87695312,0.56830860
222,2,0.18554688,0.37695312,0.54254023
223,1,0.69335938,0.06445312,0.09367477
223,2,0.68554688,0.43945312,0.50881408
224,1,0.94335938,0.56445312,0.36771580
224,2,0.43554688,0.93945312,0.63633262
225,1,0.44335938,0.31445312,0.26520237
225,2,0.93554688,0.68945312,0.25046182
226,1,0.31835938,0.81445312,0.24398964
226,2,0.31054688,0.18945312,0.58987085
227,1,0.81835938,0.18945312,0.97301055
227,2,0.81054688,0.81445312,0.97889286
228,1,0.56835938,0.68945312,0.39309772
228,2,0.06054688,0.31445312,0.48674215
229,1,0.06835938,0.43945312,0.89204655
229,2,0.56054688,0.06445312,0.90609878
230,1,0.09960938,0.93945312,0.63113863
230,2,0.02929688,0.56445312,0.43439437
231,1,0.59960938,0.03320312,0.79481130
231,2,0.52929688,0.03320312,0.35007841
232,1,0.84960938,0.53320312,0.50263710
232,2,0.27929688,0.53320312,0.64510336
233,1,0.34960938,0.28320312,0.57690389
233,2,0.77929688,0.78320312,0.66892406
234,1,0.47460938,0.78320312,0.49251769
234,2,0.40429688,0.28320312,0.86416756
235,1,0.97460938,0.15820312,0.19524299
235,2,0.90429688,0.65820312,0.23018527
236,1,0.72460938,0.65820312,0.72245212
236,2,0.15429688,0.15820312,0.49919338
237,1,0.22460938,0.40820312,0.28077236
237,2,0.65429688,0.40820312,0.57200420
238,1,0.16210938,0.90820312,0.02431596
238,2,0.34179688,0.90820312,0.76855402
239,1,0.66210938,0.09570312,0.64547230
239,2,0.84179688,0.97070312,0.04360378
240,1,0.91210938,0.59570312,0.17711068
240,2,0.09179688,0.47070312,0.99455051
241,1,0.41210938,0.34570312,0.94045859
241,2,0.59179688,0.22070312,0.46994451
242,1,0.28710938,0.84570312,0.95392858
242,2,0.21679688,0.72070312,0.27956034
243,1,0.78710938,0.22070312,0.91486439
243,2,0.71679688,0.34570312,0.88349402
244,1,0.53710938,0.72070312,0.37015870
244,2,0.46679688,0.84570312,0.74771878
245,1,0.03710938,0.47070312,0.01545661
245,2,0.96679688,0.59570312,0.95307184
246,1,0.05273438,0.97070312,0.92831857
246,2,0.23242188,0.09570312,0.33075031
247,1,0.55273438,0.01757812,0.42818415
247,2,0.73242188,0.29882812,0.55276496
248,1,0.80273438,0.51757812,0.96665482
248,2,0.48242188,0.79882812,0.57229247
249,1,0.30273438,0.26757812,0.96361997
249,2,0.98242188,0.54882812,0.98033158
250,1,0.42773438,0.76757812,0.85300945
250,2,0.35742188,0.04882812,0.07534626
251,1,0.92773438,0.14257812,0.29444890
251,2,0.85742188,0.92382812,0.30569702
252,1,0.67773438,0.64257812,0.38509773
252,2,0.10742188,0.42382812,0.19091103
253,1,0.17773438,0.39257812,0.85113667
253,2,0.60742188,0.17382812,0.26847485
254,1,0.24023438,0.89257812,0.31692201
254,2,0.41992188,0.67382812,0.48527987
255,1,0.74023438,0.08007812,0.16949275
255,2,0.91992188,0.73632812,0.37268687
256,1,0.99023438,0.58007812,0.55680127
256,2,0.16992188,0.23632812,0.39469146
257,1,0.49023438,0.33007812,0.93615477
257,2,0.66992188,0.48632812,0.84421314
258,1,0.36523438,0.83007812,0.69602980
258,2,0.04492188,0.98632812,0.93001683
259,1,0.86523438,0.20507812,0.57006117
259,2,0.54492188,0.11132812,0.07041613
260,1,0.61523438,0.70507812,0.09717650
260,2,0.29492188,0.61132812,0.20891872
261,1,0.11523438,0.45507812,0.61500723
261,2,0.79492188,0.86132812,0.67114351
262,1,0.08398438,0.95507812,0.99005385
262,2,0.26367188,0.36132812,0.35864679
263,1,0.58398438,0.04882812,0.14008401
263,2,0.76367188,0.76757812,0.25416365
264,1,0.83398438,0.54882812,0.51832966
264,2,0.01367188,0.26757812,0.29529058
265,1,0.33398438,0.29882812,0.87737307
265,2,0.51367188,0.01757812,0.32255076
266,1,0.45898438,0.79882812,0.74076862
266,2,0.13867188,0.51757812,0.84866979
267,1,0.95898438,0.17382812,0.69701574
267,2,0.63867188,0.39257812,0.13662133
268,1,0.70898438,0.67382812,0.70248408
268,2,0.38867188,0.89257812,0.70891100
269,1,0.20898438,0.42382812,0.35949115
269,2,0.88867188,0.64257812,0.55281998
270,1,0.14648438,0.92382812,0.29359185
270,2,0.07617188,0.14257812,0.29651014
271,1,0.64648438,0.11132812,0.80936116
271,2,0.57617188,0.20507812,0.41978086
272,1,0.89648438,0.61132812,0.81011339
272,2,0.32617188,0.70507812,0.25620694
273,1,0.39648438,0.36132812,0.86707232
273,2,0.82617188,0.95507812,0.61151371
274,1,0.27148438,0.86132812,0.91324055
274,2,0.45117188,0.45507812,0.08159418
275,1,0.77148438,0.23632812,0.51134240
275,2,0.95117188,0.58007812,0.00518486
276,1,0.52148438,0.73632812,0.50151630
276,2,0.20117188,0.08007812,0.62789441
277,1,0.02148438,0.48632812,0.79829518
277,2,0.70117188,0.33007812,0.19427395
278,1,0.02929688,0.98632812,0.64996393
278,2,0.09960938,0.83007812,0.07094091
279,1,0.52929688,0.00976562,0.70196688
279,2,0.59960938,0.16601562,0.39678382
280,1,0.77929688,0.50976562,0.79579267
280,2,0.34960938,0.66601562,0.05076853
281,1,0.27929688,0.25976562,0.89000534
281,2,0.84960938,0.91601562,0.88661715
282,1,0.40429688,0.75976562,0.33799516
282,2,0.47460938,0.41601562,0.02761677
283,1,0.90429688,0.13476562,0.37558295
283,2,0.97460938,0.54101562,0.57886490
284,1,0.65429688,0.63476562,0.09398194
284,2,0.22460938,0.04101562,0.43847413
285,1,0.15429688,0.38476562,0.57828014
285,2,0.72460938,0.29101562,0.67202614
286,1,0.21679688,0.88476562,0.03594228
286,2,0.28710938,0.79101562,0.32815267
287,1,0.71679688,0.07226562,0.46559802
287,2,0.78710938,0.85351562,0.15504162
288,1,0.96679688,0.57226562,0.54264463
288,2,0.03710938,0.35351562,0.98184089
289,1,0.46679688,0.32226562,0.28654125
289,2,0.53710938,0.10351562,0.83893350
290,1,0.34179688,0.82226562,0.59083326
290,2,0.16210938,0.60351562,0.86040462
291,1,0.84179688,0.19726562,0.03050025
291,2,0.66210938,0.47851562,0.25025136
292,1,0.59179688,0.69726562,0.03734819
292,2,0.41210938,0.97851562,0.03883473
293,1,0.09179688,0.44726562,0.82260056
293,2,0.91210938,0.72851562,0.30326552
294,1,0.12304688,0.94726562,0.36019064
294,2,0.38085938,0.22851562,0.53708243
295,1,0.62304688,0.04101562,0.12706052
295,2,0.88085938,0.63476562,0.32665124
296,1,0.87304688,0.54101562,0.52224325
296,2,0.13085938,0.13476562,0.82786900
297,1,0.37304688,0.29101562,0.76999356
297,2,0.63085938,0.38476562,0.27154292
298,1,0.49804688,0.79101562,0.21582102
298,2,0.00585938,0.88476562,0.96525183
299,1,0.99804688,0.16601562,0.62289047
299,2,0.50585938,0.00976562,0.45726516
300,1,0.74804688,0.66601562,0.08534746
300,2,0.25585938,0.50976562,0.84202308
301,1,0.24804688,0.41601562,0.05168172
301,2,0.75585938,0.75976562,0.19438004
302,1,0.18554688,0.91601562,0.53135463
302,2,0.19335938,0.25976562,0.41135391
303,1,0.68554688,0.10351562,0.54063512
303,2,0.69335938,0.32226562,0.69951221
304,1,0.93554688,0.60351562,0.63742991
304,2,0.44335938,0.82226562,0.13835309
305,1,0.43554688,0.35351562,0.72609134
305,2,0.94335938,0.57226562,0.13274542
306,1,0.31054688,0.85351562,0.97585208
306,2,0.31835938,0.07226562,0.96953687
307,1,0.81054688,0.22851562,0.51630035
307,2,0.81835938,0.94726562,0.71459510
308,1,0.56054688,0.72851562,0.32295648
308,2,0.06835938,0.44726562,0.04106752
309,1,0.06054688,0.47851562,0.79518620
309,2,0.56835938,0.19726562,0.39882090
310,1,0.04492188,0.97851562,0.27083226
310,2,0.36523438,0.69726562,0.43352074
311,1,0.54492188,0.02539062,0.43897142
311,2,0.86523438,0.90039062,0.74404265
312,1,0.79492188,0.52539062,0.07845638
312,2,0.11523438,0.40039062,0.25086053
313,1,0.29492188,0.27539062,0.02535074
313,2,0.61523438,0.15039062,0.18433367
314,1,0.41992188,0.77539062,0.96264842
314,2,0.24023438,0.65039062,0.08087297
315,1,0.91992188,0.15039062,0.83598012
315,2,0.74023438,0.27539062,0.42831448
316,1,0.66992188,0.65039062,0.69597420
316,2,0.49023438,0.77539062,0.68849990
317,1,0.16992188,0.40039062,0.40895295
317,2,0.99023438,0.52539062,0.05819359
318,1,0.23242188,0.90039062,0.17329432
318,2,0.05273438,0.02539062,0.91521373
319,1,0.73242188,0.08789062,0.15643704
319,2,0.55273438,0.08789062,0.44235223
320,1,0.98242188,0.58789062,0.25024290
320,2,0.30273438,0.58789062,0.23978736
321,1,0.48242188,0.33789062,0.54922667
321,2,0.80273438,0.83789062,0.09387329
322,1,0.35742188,0.83789062,0.71459592
322,2,0.42773438,0.33789062,0.18286600
323,1,0.85742188,0.21289062,0.66019737
323,2,0.92773438,0.71289062,0.93461400
324,1,0.60742188,0.71289062,0.27993390
324,2,0.17773438,0.21289062,0.63827059
325,1,0.10742188,0.46289062,0.95486528
325,2,0.67773438,0.46289062,0.51669626
326,1,0.07617188,0.96289062,0.73789691
326,2,0.14648438,0.96289062,0.65711133
327,1,0.57617188,0.05664062,0.55435406
327,2,0.64648438,0.43164062,0.43567290
328,1,0.82617188,0.55664062,0.61172075
328,2,0.39648438,0.93164062,0.73003932
329,1,0.32617188,0.30664062,0.41960007
329,2,0.89648438,0.68164062,0.04771613
330,1,0.45117188,0.80664062,0.24773099
330,2,0.27148438,0.18164062,0.56603721
331,1,0.95117188,0.18164062,0.35597268
331,2,0.77148438,0.80664062,0.15864645
332,1,0.70117188,0.68164062,0.75784611
332,2,0.02148438,0.30664062,0.12016465
333,1,0.20117188,0.43164062,0.01439349
333,2,0.52148438,0.05664062,0.34187967
334,1,0.13867188,0.93164062,0.11607264
334,2,0.45898438,0.55664062,0.09179907
335,1,0.63867188,0.11914062,0.04600264
335,2,0.95898438,0.61914062,0.09415699
336,1,0.88867188,0.61914062,0.04072880
336,2,0.20898438,0.11914062,0.31141331
337,1,0.38867188,0.36914062,0.85546058
337,2,0.70898438,0.36914062,0.97951053
338,1,0.26367188,0.86914062,0.70365786
338,2,0.08398438,0.86914062,0.17533027
339,1,0.76367188,0.24414062,0.47417383
339,2,0.58398438,0.24414062,0.01716110
340,1,0.51367188,0.74414062,0.09783416
340,2,0.33398438,0.74414062,0.76336443
341,1,0.01367188,0.49414062,0.49161587
341,2,0.83398438,0.99414062,0.80691298
342,1,0.00976562,0.99414062,0.47347177
342,2,0.16601562,0.49414062,0.34630432
343,1,0.50976562,0.00585938,0.17320187
343,2,0.66601562,0.49804688,0.46467382
344,1,0.75976562,0.50585938,0.43385165
344,2,0.41601562,0.99804688,0.64977368
345,1,0.25976562,0.25585938,0.39850474
345,2,0.91601562,0.74804688,0.04805893
346,1,0.38476562,0.75585938,0.61585009
346,2,0.29101562,0.24804688,0.94914573
347,1,0.88476562,0.13085938,0.63509365
347,2,0.79101562,0.87304688,0.88668039
348,1,0.63476562,0.63085938,0.04530401
348,2,0.04101562,0.37304688,0.26089362
349,1,0.13476562,0.38085938,0.37461262
349,2,0.54101562,0.12304688,0.01530454
350,1,0.19726562,0.88085938,0.62585991
350,2,0.47851562,0.62304688,0.93343631
351,1,0.69726562,0.06835938,0.50313626
351,2,0.97851562,0.56054688,0.50103988
352,1,0.94726562,0.56835938,0.85648984
352,2,0.22851562,0.06054688,0.53937745
353,1,0.44726562,0.31835938,0.65869363
353,2,0.72851562,0.31054688,0.68396377
354,1,0.32226562,0.81835938,0.16293442
354,2,0.10351562,0.81054688,0.61585117
355,1,0.82226562,0.19335938,0.07056875
355,2,0.60351562,0.18554688,0.94389160
356,1,0.57226562,0.69335938,0.64241928
356,2,0.35351562,0.68554688,0.94425160
357,1,0.07226562,0.44335938,0.02651131
357,2,0.85351562,0.93554688,0.86719894
358,1,0.10351562,0.94335938,0.58577558
358,2,0.32226562,0.43554688,0.63640360
359,1,0.60351562,0.03710938,0.94023024
359,2,0.82226562,0.96679688,0.80094929
360,1,0.85351562,0.53710938,0.57547418
360,2,0.07226562,0.46679688,0.67716834
361,1,0.35351562,0.28710938,0.38816993
361,2,0.57226562,0.21679688,0.57336704
362,1,0.47851562,0.78710938,0.64328822
362,2,0.19726562,0.71679688,0.12850035
363,1,0.97851562,0.16210938,0.45825288
363,2,0.69726562,0.34179688,0.81120418
364,1,0.72851562,0.66210938,0.54561679
364,2,0.44726562,0.84179688,0.82063947
365,1,0.22851562,0.41210938,0.94146481
365,2,0.94726562,0.59179688,0.62593967
366,1,0.16601562,0.91210938,0.38610263
366,2,0.00976562,0.09179688,0.82042684
367,1,0.66601562,0.09960938,0.96119056
367,2,0.50976562,0.02929688,0.65148477
368,1,0.91601562,0.59960938,0.90535064
368,2,0.25976562,0.52929688,0.20668436
369,1,0.41601562,0.34960938,0.19579114
369,2,0.75976562,0.77929688,0.27396113
370,1,0.29101562,0.84960938,0.06936130
370,2,0.38476562,0.27929688,0.21458912
371,1,0.79101562,0.22460938,0.10077801
371,2,0.88476562,0.65429688,0.37725909
372,1,0.54101562,0.72460938,0.01822183
372,2,0.13476562,0.15429688,0.03896314
373,1,0.04101562,0.47460938,0.09444296
373,2,0.63476562,0.40429688,0.61825388
374,1,0.05664062,0.97460938,0.68300677
374,2,0.43164062,0.90429688,0.33655422
375,1,0.55664062,0.02148438,0.07118865
375,2,0.93164062,0.70117188,0.65572264
376,1,0.80664062,0.52148438,0.31897563
376,2,0.18164062,0.20117188,0.38539662
377,1,0.30664062,0.27148438,0.84487531
377,2,0.68164062,0.45117188,0.68161367
378,1,0.43164062,0.77148438,0.02327194
378,2,0.05664062,0.95117188,0.34062457
379,1,0.93164062,0.14648438,0.81446848
379,2,0.55664062,0.07617188,0.26069453
380,1,0.68164062,0.64648438,0.28185477
380,2,0.30664062,0.57617188,0.49603745
381,1,0.18164062,0.39648438,0.11816482
381,2,0.80664062,0.82617188,0.69289036
382,1,0.24414062,0.89648438,0.69673717
382,2,0.24414062,0.32617188,0.34833660
383,1,0.74414062,0.08398438,0.62894284
383,2,0.74414062,0.26367188,0.93664815
384,1,0.99414062,0.58398438,0.87747202
384,2,0.49414062,0.76367188,0.03918633
385,1,0.49414062,0.33398438,0.73507104
385,2,0.99414062,0.51367188,0.41794603
386,1,0.36914062,0.83398438,0.80348093
386,2,0.36914062,0.01367188,0.96758056
387,1,0.86914062,0.20898438,0.28203457
387,2,0.86914062,0.88867188,0.54797188
388,1,0.61914062,0.70898438,0.17743954
388,2,0.11914062,0.38867188,0.42347094
389,1,0.11914062,0.45898438,0.75061475
389,2,0.61914062,0.13867188,0.56852028
390,1,0.08789062,0.95898438,0.80683474
390,2,0.08789062,0.63867188,0.57592457
391,1,0.58789062,0.05273438,0.99050514
391,2,0.58789062,0.23242188,0.73164775
392,1,0.83789062,0.55273438,0.41261768
392,2,0.33789062,0.73242188,0.12768973
393,1,0.33789062,0.30273438,0.37201809
393,2,0.83789062,0.98242188,0.25001645
394,1,0.46289062,0.80273438,0.77641296
394,2,0.46289062,0.48242188,0.58054402
395,1,0.96289062,0.17773438,0.34080354
395,2,0.96289062,0.60742188,0.86711661
396,1,0.71289062,0.67773438,0.93075733
396,2,0.21289062,0.10742188,0.56186669
397,1,0.21289062,0.42773438,0.85841275
397,2,0.71289062,0.35742188,0.23859686
398,1,0.15039062,0.92773438,0.42899403
398,2,0.27539062,0.85742188,0.67984478
399,1,0.65039062,0.11523438,0.75087107
399,2,0.77539062,0.79492188,0.73990876
400,1,0.90039062,0.61523438,0.75454288
400,2,0.02539062,0.29492188,0.23823615
401,1,0.40039062,0.36523438,0.10312387
401,2,0.52539062,0.04492188,0.37772889
402,1,0.27539062,0.86523438,0.90255291
402,2,0.15039062,0.54492188,0.53432747
403,1,0.77539062,0.24023438,0.50525238
403,2,0.65039062,0.41992188,0.49656119
404,1,0.52539062,0.74023438,0.82645747
404,2,0.40039062,0.91992188,0.38961809
405,1,0.02539062,0.49023438,0.32004960
405,2,0.90039062,0.66992188,0.29763517
406,1,0.01757812,0.99023438,0.89552323
406,2,0.29882812,0.16992188,0.09998489
407,1,0.51757812,0.01367188,0.38920168
407,2,0.79882812,0.83398438,0.05348530
408,1,0.76757812,0.51367188,0.01083765
408,2,0.04882812,0.33398438,0.95854150
409,1,0.26757812,0.26367188,0.90538197
409,2,0.54882812,0.08398438,0.84714315
410,1,0.39257812,0.76367188,0.09128668
410,2,0.17382812,0.58398438,0.35490519
411,1,0.89257812,0.13867188,0.31931363
411,2,0.67382812,0.45898438,0.95680088
412,1,0.64257812,0.63867188,0.95006197
412,2,0.42382812,0.95898438,0.67676990
413,1,0.14257812,0.38867188,0.95060715
413,2,0.92382812,0.70898438,0.48252095
414,1,0.20507812,0.88867188,0.57343789
414,2,0.11132812,0.20898438,0.49302566
415,1,0.70507812,0.07617188,0.63183721
415,2,0.61132812,0.14648438,0.08328441
416,1,0.95507812,0.57617188,0.44844553
416,2,0.36132812,0.64648438,0.09170415
417,1,0.45507812,0.32617188,0.29321077
417,2,0.86132812,0.89648438,0.60244093
418,1,0.33007812,0.82617188,0.32866455
418,2,0.48632812,0.39648438,0.55370305
419,1,0.83007812,0.20117188,0.67251846
419,2,0.98632812,0.52148438,0.21272789
420,1,0.58007812,0.70117188,0.75237452
420,2,0.23632812,0.02148438,0.94619454
421,1,0.08007812,0.45117188,0.79157904
421,2,0.73632812,0.27148438,0.78129605
422,1,0.11132812,0.95117188,0.78961815
422,2,0.20507812,0.77148438,0.11346460
423,1,0.61132812,0.04492188,0.09120610
423,2,0.70507812,0.36523438,0.93092911
424,1,0.86132812,0.54492188,0.49442030
424,2,0.45507812,0.86523438,0.97424821
425,1,0.36132812,0.29492188,0.05755875
425,2,0.95507812,0.61523438,0.99593124
426,1,0.48632812,0.79492188,0.54952889
426,2,0.33007812,0.11523438,0.05587116
427,1,0.98632812,0.16992188,0.44153050
427,2,0.83007812,0.99023438,0.73703555
428,1,0.73632812,0.66992188,0.88770418
428,2,0.08007812,0.49023438,0.54591577
429,1,0.23632812,0.41992188,0.35091501
429,2,0.58007812,0.24023438,0.70583149
430,1,0.17382812,0.91992188,0.11706701
430,2,0.39257812,0.74023438,0.96865195
431,1,0.67382812,0.10742188,0.14299168
431,2,0.89257812,0.67773438,0.68803001
432,1,0.92382812,0.60742188,0.76151063
432,2,0.14257812,0.17773438,0.83696388
433,1,0.42382812,0.35742188,0.61821806
433,2,0.64257812,0.42773438,0.86686871
434,1,0.29882812,0.85742188,0.10112268
434,2,0.01757812,0.92773438,0.83848076
435,1,0.79882812,0.23242188,0.08410680
435,2,0.51757812,0.05273438,0.42609147
436,1,0.54882812,0.73242188,0.70096913
436,2,0.26757812,0.55273438,0.22257642
437,1,0.04882812,0.48242188,0.07276301
437,2,0.76757812,0.80273438,0.39665160
438,1,0.03320312,0.98242188,0.82186006
438,2,0.03320312,0.30273438,0.89189691
439,1,0.53320312,0.02929688,0.70624223
439,2,0.53320312,0.09960938,0.14660482
440,1,0.78320312,0.52929688,0.08134878
440,2,0.28320312,0.59960938,0.51332617
441,1,0.28320312,0.27929688,0.08483771
441,2,0.78320312,0.84960938,0.23322807
442,1,0.40820312,0.77929688,0.98663958
442,2,0.40820312,0.34960938,0.58130542
443,1,0.90820312,0.15429688,0.37427079
443,2,0.90820312,0.72460938,0.86313852
444,1,0.65820312,0.65429688,0.37064214
444,2,0.15820312,0.22460938,0.88035997
445,1,0.15820312,0.40429688,0.81279957
445,2,0.65820312,0.47460938,0.23668519
446,1,0.22070312,0.90429688,0.94724858
446,2,0.34570312,0.97460938,0.90769370
447,1,0.72070312,0.09179688,0.98600107
447,2,0.84570312,0.91210938,0.59188874
448,1,0.97070312,0.59179688,0.75337818
448,2,0.09570312,0.41210938,0.35021824
449,1,0.47070312,0.34179688,0.37625958
449,2,0.59570312,0.16210938,0.70818120
450,1,0.34570312,0.84179688,0.08350072
450,2,0.22070312,0.66210938,0.48166699
451,1,0.84570312,0.21679688,0.77714692
451,2,0.72070312,0.28710938,0.37798759
452,1,0.59570312,0.71679688,0.55840425
452,2,0.47070312,0.78710938,0.70508436
453,1,0.09570312,0.46679688,0.42422201
453,2,0.97070312,0.53710938,0.24872415
454,1,0.06445312,0.96679688,0.90635439
454,2,0.43945312,0.03710938,0.33025253
455,1,0.56445312,0.06054688,0.11119748
455,2,0.93945312,0.56835938,0.43445185
456,1,0.81445312,0.56054688,0.49262510
456,2,0.18945312,0.06835938,0.25368218
457,1,0.31445312,0.31054688,0.01135364
457,2,0.68945312,0.31835938,0.40520209
458,1,0.43945312,0.81054688,0.46866064
458,2,0.06445312,0.81835938,0.57147303
459,1,0.93945312,0.18554688,0.05630328
459,2,0.56445312,0.19335938,0.74097386
460,1,0.68945312,0.68554688,0.11881792
460,2,0.31445312,0.69335938,0.76719485
461,1,0.18945312,0.43554688,0.11752625
461,2,0.81445312,0.94335938,0.82279035
462,1,0.12695312,0.93554688,0.64921030
462,2,0.12695312,0.44335938,0.74421165
463,1,0.62695312,0.12304688,0.74604487
463,2,0.62695312,0.38085938,0.68103942
464,1,0.87695312,0.62304688,0.58336877
464,2,0.37695312,0.88085938,0.23750647
465,1,0.37695312,0.37304688,0.96217255
465,2,0.87695312,0.63085938,0.40022290
466,1,0.25195312,0.87304688,0.37487058
466,2,0.25195312,0.13085938,0.47771490
467,1,0.75195312,0.24804688,0.28571209
467,2,0.75195312,0.75585938,0.08289132
468,1,0.50195312,0.74804688,0.86859913
468,2,0.00195312,0.25585938,0.52837012
469,1,0.00195312,0.49804688,0.22359584
469,2,0.50195312,0.00585938,0.43633583
470,1,0.00292969,0.99804688,0.96322253
470,2,0.25097656,0.50585938,0.80210925
471,1,0.50292969,0.00097656,0.01215447
471,2,0.75097656,0.75292969,0.97790066
472,1,0.75292969,0.50097656,0.96987883
472,2,0.00097656,0.25292969,0.55600504
473,1,0.25292969,0.25097656,0.04315992
473,2,0.50097656,0.00292969,0.32268638
474,1,0.37792969,0.75097656,0.89114312
474,2,0.12597656,0.50292969,0.04340078
475,1,0.87792969,0.12597656,0.52770111
475,2,0.62597656,0.37792969,0.92464333
476,1,0.62792969,0.62597656,0.99296479
476,2,0.37597656,0.87792969,0.91911572
477,1,0.12792969,0.37597656,0.07379656
477,2,0.87597656,0.62792969,0.25299016
478,1,0.19042969,0.87597656,0.55385428
478,2,0.06347656,0.12792969,0.69541112
479,1,0.69042969,0.06347656,0.96930254
479,2,0.56347656,0.19042969,0.07543455
480,1,0.94042969,0.56347656,0.52309785
480,2,0.31347656,0.69042969,0.16621543
481,1,0.44042969,0.31347656,0.62939864
481,2,0.81347656,0.94042969,0.21680911
482,1,0.31542969,0.81347656,0.69574869
482,2,0.43847656,0.44042969,0.29449395
483,1,0.81542969,0.18847656,0.45454106
483,2,0.93847656,0.56542969,0.99583137
484,1,0.56542969,0.68847656,0.62755808
484,2,0.18847656,0.06542969,0.69692506
485,1,0.06542969,0.43847656,0.58431431
485,2,0.68847656,0.31542969,0.38420183
486,1,0.09667969,0.93847656,0.90115801
486,2,0.21972656,0.81542969,0.73710071
487,1,0.59667969,0.03222656,0.04544638
487,2,0.71972656,0.28417969,0.91525434
488,1,0.84667969,0.53222656,0.28096319
488,2,0.46972656,0.78417969,0.95870240
489,1,0.34667969,0.28222656,0.95041149
489,2,0.96972656,0.53417969,0.05786389
490,1,0.47167969,0.78222656,0.89026378
490,2,0.34472656,0.03417969,0.39452180
491,1,0.97167969,0.15722656,0.45565675
491,2,0.84472656,0.90917969,0.10675607
492,1,0.72167969,0.65722656,0.62013260
492,2,0.09472656,0.40917969,0.33566007
493,1,0.22167969,0.40722656,0.27738118
493,2,0.59472656,0.15917969,0.16967991
494,1,0.15917969,0.90722656,0.18812116
494,2,0.40722656,0.65917969,0.64684836
495,1,0.65917969,0.09472656,0.46369841
495,2,0.90722656,0.72167969,0.38826838
496,1,0.90917969,0.59472656,0.35335223
496,2,0.15722656,0.22167969,0.22939475
497,1,0.40917969,0.34472656,0.58365611
497,2,0.65722656,0.47167969,0.26593793
498,1,0.28417969,0.84472656,0.07773464
498,2,0.03222656,0.97167969,0.36034509
499,1,0.78417969,0.21972656,0.97439481
499,2,0.53222656,0.09667969,0.25994986
500,1,0.53417969,0.71972656,0.98621075
500,2,0.28222656,0.59667969,0.45324085
501,1,0.03417969,0.46972656,0.69816172
501,2,0.78222656,0.84667969,0.03231595
502,1,0.04980469,0.96972656,0.53609637
502,2,0.01660156,0.34667969,0.27976351
503,1,0.54980469,0.01660156,0.30952761
503,2,0.51660156,0.04980469,0.41120672
504,1,0.79980469,0.51660156,0.81379502
504,2,0.26660156,0.54980469,0.60278188
505,1,0.29980469,0.26660156,0.68473118
505,2,0.76660156,0.79980469,0.27095764
506,1,0.42480469,0.76660156,0.16261694
506,2,0.39160156,0.29980469,0.13318512
507,1,0.92480469,0.14160156,0.91092719
507,2,0.89160156,0.67480469,0.07620037
508,1,0.67480469,0.64160156,0.82253724
508,2,0.14160156,0.17480469,0.94053182
509,1,0.17480469,0.39160156,0.94979991
509,2,0.64160156,0.42480469,0.41663906
510,1,0.23730469,0.89160156,0.72571951
510,2,0.32910156,0.92480469,0.58116262
511,1,0.73730469,0.07910156,0.61341519
511,2,0.82910156,0.98730469,0.91917655
512,1,0.98730469,0.57910156,0.41824304
512,2,0.07910156,0.48730469,0.08274842
513,1,0.48730469,0.32910156,0.93272848
513,2,0.57910156,0.23730469,0.87666149
514,1,0.36230469,0.82910156,0.86606389
514,2,0.20410156,0.73730469,0.55158788
515,1,0.86230469,0.20410156,0.04521867
515,2,0.70410156,0.36230469,0.16483426
516,1,0.61230469,0.70410156,0.02636698
516,2,0.45410156,0.86230469,0.41125512
517,1,0.11230469,0.45410156,0.37646336
517,2,0.95410156,0.61230469,0.77760228
518,1,0.08105469,0.95410156,0.81055333
518,2,0.48535156,0.11230469,0.48037008
519,1,0.58105469,0.04785156,0.98727613
519,2,0.98535156,0.51855469,0.98528605
520,1,0.83105469,0.54785156,0.15041689
520,2,0.23535156,0.01855469,0.37673897
521,1,0.33105469,0.29785156,0.59413071
521,2,0.73535156,0.26855469,0.74957830
522,1,0.45605469,0.79785156,0.38089086
522,2,0.11035156,0.76855469,0.39298945
523,1,0.95605469,0.17285156,0.96991440
523,2,0.61035156,0.14355469,0.82916422
524,1,0.70605469,0.67285156,0.84211892
524,2,0.36035156,0.64355469,0.56908147
525,1,0.20605469,0.42285156,0.83832871
525,2,0.86035156,0.89355469,0.06351183
526,1,0.14355469,0.92285156,0.46869316
526,2,0.17285156,0.39355469,0.03682187
527,1,0.64355469,0.11035156,0.41481950
527,2,0.67285156,0.45605469,0.13385212
528,1,0.89355469,0.61035156,0.27340707
528,2,0.42285156,0.95605469,0.01367197
529,1,0.39355469,0.36035156,0.05637550
529,2,0.92285156,0.70605469,0.07535906
530,1,0.26855469,0.86035156,0.86472237
530,2,0.29785156,0.20605469,0.69171440
531,1,0.76855469,0.23535156,0.81290101
531,2,0.79785156,0.83105469,0.53434627
532,1,0.51855469,0.73535156,0.99971767
532,2,0.04785156,0.33105469,0.74991074
533,1,0.01855469,0.48535156,0.99663683
533,2,0.54785156,0.08105469,0.91316575
534,1,0.02636719,0.98535156,0.55543171
534,2,0.14941406,0.58105469,0.58514953
535,1,0.52636719,0.00878906,0.76898741
535,2,0.64941406,0.41699219,0.72612084
536,1,0.77636719,0.50878906,0.94476573
536,2,0.39941406,0.91699219,0.75708120
537,1,0.27636719,0.25878906,0.84964739
537,2,0.89941406,0.66699219,0.37785055
538,1,0.40136719,0.75878906,0.24734810
538,2,0.27441406,0.16699219,0.24108483
539,1,0.90136719,0.13378906,0.45054414
539,2,0.77441406,0.79199219,0.20504533
540,1,0.65136719,0.63378906,0.12915942
540,2,0.02441406,0.29199219,0.25144243
541,1,0.15136719,0.38378906,0.95405103
541,2,0.52441406,0.04199219,0.27473180
542,1,0.21386719,0.88378906,0.60617464
542,2,0.46191406,0.54199219,0.20722765
543,1,0.71386719,0.07128906,0.22864281
543,2,0.96191406,0.60449219,0.87822066
544,1,0.96386719,0.57128906,0.67170068
544,2,0.21191406,0.10449219,0.75699913
545,1,0.46386719,0.32128906,0.61812825
545,2,0.71191406,0.35449219,0.04689647
546,1,0.33886719,0.82128906,0.35816272
546,2,0.08691406,0.85449219,0.26867249
547,1,0.83886719,0.19628906,0.11355759
547,2,0.58691406,0.22949219,0.02218474
548,1,0.58886719,0.69628906,0.67157320
548,2,0.33691406,0.72949219,0.49816519
549,1,0.08886719,0.44628906,0.52030770
549,2,0.83691406,0.97949219,0.47621070
550,1,0.12011719,0.94628906,0.77231839
550,2,0.36816406,0.47949219,0.83137149
551,1,0.62011719,0.04003906,0.52016350
551,2,0.86816406,0.88574219,0.30777724
552,1,0.87011719,0.54003906,0.85218150
552,2,0.11816406,0.38574219,0.81638573
553,1,0.37011719,0.29003906,0.55190684
553,2,0.61816406,0.13574219,0.96797376
554,1,0.49511719,0.79003906,0.56093797
554,2,0.24316406,0.63574219,0.08840822
555,1,0.99511719,0.16503906,0.87665360
555,2,0.74316406,0.26074219,0.79181784
556,1,0.74511719,0.66503906,0.40348287
556,2,0.49316406,0.76074219,0.58995590
557,1,0.24511719,0.41503906,0.13401523
557,2,0.99316406,0.51074219,0.48004597
558,1,0.18261719,0.91503906,0.02878268
558,2,0.05566406,0.01074219,0.42053578
559,1,0.68261719,0.10253906,0.75513725
559,2,0.55566406,0.07324219,0.78466826
560,1,0.93261719,0.60253906,0.62030955
560,2,0.30566406,0.57324219,0.63936135
561,1,0.43261719,0.35253906,0.70407976
561,2,0.80566406,0.82324219,0.80504467
562,1,0.30761719,0.85253906,0.21296416
562,2,0.43066406,0.32324219,0.90315106
563,1,0.80761719,0.22753906,0.13637147
563,2,0.93066406,0.69824219,0.61726372
564,1,0.55761719,0.72753906,0.01454466
564,2,0.18066406,0.19824219,0.98046272
565,1,0.05761719,0.47753906,0.35058756
565,2,0.68066406,0.44824219,0.60808785
566,1,0.04199219,0.97753906,0.58991768
566,2,0.38378906,0.94824219,0.63664432
567,1,0.54199219,0.02441406,0.39224405
567,2,0.88378906,0.65136719,0.55481561
568,1,0.79199219,0.52441406,0.43747493
568,2,0.13378906,0.15136719,0.09100209
569,1,0.29199219,0.27441406,0.90415870
569,2,0.63378906,0.40136719,0.72639703
570,1,0.41699219,0.77441406,0.34825547
570,2,0.00878906,0.90136719,0.54744631
571,1,0.91699219,0.14941406,0.51398949
571,2,0.50878906,0.02636719,0.45091044
572,1,0.66699219,0.64941406,0.78365301
572,2,0.25878906,0.52636719,0.91047128
573,1,0.16699219,0.39941406,0.39654279
573,2,0.75878906,0.77636719,0.29795945
574,1,0.22949219,0.89941406,0.62208670
574,2,0.19628906,0.27636719,0.52360227
575,1,0.72949219,0.08691406,0.86236371
575,2,0.69628906,0.33886719,0.69764187
576,1,0.97949219,0.58691406,0.94952062
576,2,0.44628906,0.83886719,0.79647178
577,1,0.47949219,0.33691406,0.14707348
577,2,0.94628906,0.58886719,0.45934680
578,1,0.35449219,0.83691406,0.92658762
578,2,0.32128906,0.08886719,0.84209142
579,1,0.85449219,0.21191406,0.49211629
579,2,0.82128906,0.96386719,0.76891774
580,1,0.60449219,0.71191406,0.25824439
580,2,0.07128906,0.46386719,0.06623598
581,1,0.10449219,0.46191406,0.45913576
581,2,0.57128906,0.21386719,0.04586126
582,1,0.07324219,0.96191406,0.98003257
582,2,0.10253906,0.71386719,0.62080568
583,1,0.57324219,0.05566406,0.49261810
583,2,0.60253906,0.18261719,0.34741341
584,1,0.82324219,0.55566406,0.32875161
584,2,0.35253906,0.68261719,0.20913079
585,1,0.32324219,0.30566406,0.63340085
585,2,0.85253906,0.93261719,0.57964994
586,1,0.44824219,0.80566406,0.24014562
586,2,0.47753906,0.43261719,0.34156321
587,1,0.94824219,0.18066406,0.07586333
587,2,0.97753906,0.55761719,0.53726342
588,1,0.69824219,0.68066406,0.12887972
588,2,0.22753906,0.05761719,0.46011916
589,1,0.19824219,0.43066406,0.12804584
589,2,0.72753906,0.30761719,0.58476611
590,1,0.13574219,0.93066406,0.15190270
590,2,0.29003906,0.80761719,0.40030049
591,1,0.63574219,0.11816406,0.13882717
591,2,0.79003906,0.87011719,0.69766757
592,1,0.88574219,0.61816406,0.64087475
592,2,0.04003906,0.37011719,0.18006727
593,1,0.38574219,0.36816406,0.18188008
593,2,0.54003906,0.12011719,0.69650146
594,1,0.26074219,0.86816406,0.34566729
594,2,0.16503906,0.62011719,0.41166121
595,1,0.76074219,0.24316406,0.89678840
595,2,0.66503906,0.49511719,0.87431761
596,1,0.51074219,0.74316406,0.47396164
596,2,0.41503906,0.99511719,0.51523606
597,1,0.01074219,0.49316406,0.66755774
597,2,0.91503906,0.74511719,0.97311036
598,1,0.01464844,0.99316406,0.17231987
598,2,0.08300781,0.24511719,0.60193540
599,1,0.51464844,0.00488281,0.19228902
599,2,0.58300781,0.24902344,0.22384907
600,1,0.76464844,0.50488281,0.04086861
600,2,0.33300781,0.74902344,0.82179064
601,1,0.26464844,0.25488281,0.16893506
601,2,0.83300781,0.99902344,0.34508263
602,1,0.38964844,0.75488281,0.27859034
602,2,0.45800781,0.49902344,0.34761922
603,1,0.88964844,0.12988281,0.17701049
603,2,0.95800781,0.62402344,0.03180469
604,1,0.63964844,0.62988281,0.08870253
604,2,0.20800781,0.12402344,0.54871531
605,1,0.13964844,0.37988281,0.12063587
605,2,0.70800781,0.37402344,0.53442350
606,1,0.20214844,0.87988281,0.46077877
606,2,0.27050781,0.87402344,0.35599149
607,1,0.70214844,0.06738281,0.20633372
607,2,0.77050781,0.81152344,0.89421726
608,1,0.95214844,0.56738281,0.36426986
608,2,0.02050781,0.31152344,0.12874840
609,1,0.45214844,0.31738281,0.50341727
609,2,0.52050781,0.06152344,0.33009951
610,1,0.32714844,0.81738281,0.69039483
610,2,0.14550781,0.56152344,0.32158277
611,1,0.82714844,0.19238281,0.03931214
611,2,0.64550781,0.43652344,0.09229059
612,1,0.57714844,0.69238281,0.79941040
612,2,0.39550781,0.93652344,0.48114539
613,1,0.07714844,0.44238281,0.62790039
613,2,0.89550781,0.68652344,0.68778472
614,1,0.10839844,0.94238281,0.08175903
614,2,0.42675781,0.18652344,0.51165701
615,1,0.60839844,0.03613281,0.87357863
615,2,0.92675781,0.71777344,0.15697768
616,1,0.85839844,0.53613281,0.92087240
616,2,0.17675781,0.21777344,0.37728597
617,1,0.35839844,0.28613281,0.06107797
617,2,0.67675781,0.46777344,0.00259503
618,1,0.48339844,0.78613281,0.27687765
618,2,0.05175781,0.96777344,0.86830110
619,1,0.98339844,0.16113281,0.80620128
619,2,0.55175781,0.09277344,0.08451700
620,1,0.73339844,0.66113281,0.74825969
620,2,0.30175781,0.59277344,0.59727808
621,1,0.23339844,0.41113281,0.18452102
621,2,0.80175781,0.84277344,0.98625700
622,1,0.17089844,0.91113281,0.20934932
622,2,0.23925781,0.34277344,0.53659065
623,1,0.67089844,0.09863281,0.37047210
623,2,0.73925781,0.28027344,0.92404176
624,1,0.92089844,0.59863281,0.48452299
624,2,0.48925781,0.78027344,0.23611653
625,1,0.42089844,0.34863281,0.61825477
625,2,0.98925781,0.53027344,0.75995541
626,1,0.29589844,0.84863281,0.36891364
626,2,0.36425781,0.03027344,0.53126575
627,1,0.79589844,0.22363281,0.46253472
627,2,0.86425781,0.90527344,0.72051606
628,1,0.54589844,0.72363281,0.74747094
628,2,0.11425781,0.40527344,0.06234137
629,1,0.04589844,0.47363281,0.03668320
629,2,0.61425781,0.15527344,0.14773910
630,1,0.06152344,0.97363281,0.25243695
630,2,0.31738281,0.65527344,0.13311693
631,1,0.56152344,0.02050781,0.71334958
631,2,0.81738281,0.95214844,0.68716550
632,1,0.81152344,0.52050781,0.89520683
632,2,0.06738281,0.45214844,0.84444067
633,1,0.31152344,0.27050781,0.51167744
633,2,0.56738281,0.20214844,0.74961623
634,1,0.43652344,0.77050781,0.53211349
634,2,0.19238281,0.70214844,0.03047216
635,1,0.93652344,0.14550781,0.10717201
635,2,0.69238281,0.32714844,0.86721498
636,1,0.68652344,0.64550781,0.44741237
636,2,0.44238281,0.82714844,0.35414667
637,1,0.18652344,0.39550781,0.53261726
637,2,0.94238281,0.57714844,0.39716383
638,1,0.24902344,0.89550781,0.24247051
638,2,0.00488281,0.07714844,0.10486917
639,1,0.74902344,0.08300781,0.26924323
639,2,0.50488281,0.01464844,0.73740521
640,1,0.99902344,0.58300781,0.37728416
640,2,0.25488281,0.51464844,0.18228388
641,1,0.49902344,0.33300781,0.02007120
641,2,0.75488281,0.76464844,0.56396509
642,1,0.37402344,0.83300781,0.32207916
642,2,0.37988281,0.26464844,0.84070999
643,1,0.87402344,0.20800781,0.21144801
643,2,0.87988281,0.63964844,0.08920433
644,1,0.62402344,0.70800781,0.32749735
644,2,0.12988281,0.13964844,0.53533557
645,1,0.12402344,0.45800781,0.11976213
645,2,0.62988281,0.38964844,0.23321641
646,1,0.09277344,0.95800781,0.89052728
646,2,0.16113281,0.88964844,0.34292686
647,1,0.59277344,0.05175781,0.59359245
647,2,0.66113281,0.48339844,0.47396994
648,1,0.84277344,0.55175781,0.67910232
648,2,0.41113281,0.98339844,0.35510430
649,1,0.34277344,0.30175781,0.78917123
649,2,0.91113281,0.73339844,0.64882284
650,1,0.46777344,0.80175781,0.49844220
650,2,0.28613281,0.23339844,0.47958211
651,1,0.96777344,0.17675781,0.08692029
651,2,0.78613281,0.85839844,0.58419948
652,1,0.71777344,0.67675781,0.53710654
652,2,0.03613281,0.35839844,0.73682248
653,1,0.21777344,0.42675781,0.58684111
653,2,0.53613281,0.10839844,0.55774226
654,1,0.15527344,0.92675781,0.74543947
654,2,0.47363281,0.60839844,0.58653543
655,1,0.65527344,0.11425781,0.43165955
655,2,0.97363281,0.54589844,0.56445854
656,1,0.90527344,0.61425781,0.12758030
656,2,0.22363281,0.04589844,0.37877263
657,1,0.40527344,0.36425781,0.28377591
657,2,0.72363281,0.29589844,0.33744683
658,1,0.28027344,0.86425781,0.36308229
658,2,0.09863281,0.79589844,0.89964740
659,1,0.78027344,0.23925781,0.64591724
659,2,0.59863281,0.17089844,0.60755523
660,1,0.53027344,0.73925781,0.57077830
660,2,0.34863281,0.67089844,0.24435316
661,1,0.03027344,0.48925781,0.35609673
661,2,0.84863281,0.92089844,0.49824770
662,1,0.02246094,0.98925781,0.98651525
662,2,0.45019531,0.42089844,0.33034848
663,1,0.52246094,0.01269531,0.60577481
663,2,0.95019531,0.58496094,0.93369183
664,1,0.77246094,0.51269531,0.23722679
664,2,0.20019531,0.08496094,0.00753437
665,1,0.27246094,0.26269531,0.10178248
665,2,0.70019531,0.33496094,0.22533280
666,1,0.39746094,0.76269531,0.15285914
666,2,0.07519531,0.83496094,0.36535682
667,1,0.89746094,0.13769531,0.24595773
667,2,0.57519531,0.20996094,0.48780980
668,1,0.64746094,0.63769531,0.16068137
668,2,0.32519531,0.70996094,0.85081752
669,1,0.14746094,0.38769531,0.18656703
669,2,0.82519531,0.95996094,0.08788763
670,1,0.20996094,0.88769531,0.28509517
670,2,0.13769531,0.45996094,0.80586489
671,1,0.70996094,0.07519531,0.17337360
671,2,0.63769531,0.39746094,0.05565349
672,1,0.95996094,0.57519531,0.89676542
672,2,0.38769531,0.89746094,0.84231404
673,1,0.45996094,0.32519531,0.08023375
673,2,0.88769531,0.64746094,0.05163547
674,1,0.33496094,0.82519531,0.52451139
674,2,0.26269531,0.14746094,0.01824249
675,1,0.83496094,0.20019531,0.41039682
675,2,0.76269531,0.77246094,0.69696146
676,1,0.58496094,0.70019531,0.98237861
676,2,0.01269531,0.27246094,0.99725554
677,1,0.08496094,0.45019531,0.11203890
677,2,0.51269531,0.02246094,0.89661026
678,1,0.11621094,0.95019531,0.39785559
678,2,0.04394531,0.52246094,0.57599842
679,1,0.61621094,0.04394531,0.96947043
679,2,0.54394531,0.11621094,0.91739561
680,1,0.86621094,0.54394531,0.86550713
680,2,0.29394531,0.61621094,0.00530000
681,1,0.36621094,0.29394531,0.81707206
681,2,0.79394531,0.86621094,0.97506717
682,1,0.49121094,0.79394531,0.25790283
682,2,0.41894531,0.36621094,0.49074878
683,1,0.99121094,0.16894531,0.17088759
683,2,0.91894531,0.74121094,0.72289609
684,1,0.74121094,0.66894531,0.66864322
684,2,0.16894531,0.24121094,0.82086147
685,1,0.24121094,0.41894531,0.92937599
685,2,0.66894531,0.49121094,0.71845727
686,1,0.17871094,0.91894531,0.55676289
686,2,0.35644531,0.99121094,0.53503673
687,1,0.67871094,0.10644531,0.57161269
687,2,0.85644531,0.92871094,0.47661949
688,1,0.92871094,0.60644531,0.27997909
688,2,0.10644531,0.42871094,0.83858256
689,1,0.42871094,0.35644531,0.76949293
689,2,0.60644531,0.17871094,0.20507756
690,1,0.30371094,0.85644531,0.18704374
690,2,0.23144531,0.67871094,0.96799407
691,1,0.80371094,0.23144531,0.32367924
691,2,0.73144531,0.30371094,0.71095248
692,1,0.55371094,0.73144531,0.42543644
692,2,0.48144531,0.80371094,0.19950693
693,1,0.05371094,0.48144531,0.50761037
693,2,0.98144531,0.55371094,0.73624719
694,1,0.03808594,0.98144531,0.24240973
694,2,0.21582031,0.05371094,0.52984002
695,1,0.53808594,0.02832031,0.11483682
695,2,0.71582031,0.35058594,0.70723009
696,1,0.78808594,0.52832031,0.61062004
696,2,0.46582031,0.85058594,0.76777950
697,1,0.28808594,0.27832031,0.28863056
697,2,0.96582031,0.60058594,0.08729018
698,1,0.41308594,0.77832031,0.58123822
698,2,0.34082031,0.10058594,0.50610396
699,1,0.91308594,0.15332031,0.15436271
699,2,0.84082031,0.97558594,0.93201435
700,1,0.66308594,0.65332031,0.48114010
700,2,0.09082031,0.47558594,0.32064219
701,1,0.16308594,0.40332031,0.53258943
701,2,0.59082031,0.22558594,0.59388310
702,1,0.22558594,0.90332031,0.05182353
702,2,0.40332031,0.72558594,0.36923048
703,1,0.72558594,0.09082031,0.33660428
703,2,0.90332031,0.66308594,0.45426798
704,1,0.97558594,0.59082031,0.13441467
704,2,0.15332031,0.16308594,0.54860312
705,1,0.47558594,0.34082031,0.06337497
705,2,0.65332031,0.41308594,0.54892197
706,1,0.35058594,0.84082031,0.98996023
706,2,0.02832031,0.91308594,0.20173046
707,1,0.85058594,0.21582031,0.32235384
707,2,0.52832031,0.03808594,0.68457154
708,1,0.60058594,0.71582031,0.80987445
708,2,0.27832031,0.53808594,0.08786811
709,1,0.10058594,0.46582031,0.25464065
709,2,0.77832031,0.78808594,0.13882478
710,1,0.06933594,0.96582031,0.68150272
710,2,0.30957031,0.28808594,0.00271090
711,1,0.56933594,0.05957031,0.76022786
711,2,0.80957031,0.81933594,0.11669606
712,1,0.81933594,0.55957031,0.59563874
712,2,0.05957031,0.31933594,0.47316620
713,1,0.31933594,0.30957031,0.47157619
713,2,0.55957031,0.06933594,0.60610188
714,1,0.44433594,0.80957031,0.41184091
714,2,0.18457031,0.56933594,0.79428945
715,1,0.94433594,0.18457031,0.34886827
715,2,0.68457031,0.44433594,0.10669925
716,1,0.69433594,0.68457031,0.92952914
716,2,0.43457031,0.94433594,0.85072745
717,1,0.19433594,0.43457031,0.83061941
717,2,0.93457031,0.69433594,0.74597452
718,1,0.13183594,0.93457031,0.96502691
718,2,0.12207031,0.19433594,0.40851830
719,1,0.63183594,0.12207031,0.12429722
719,2,0.62207031,0.13183594,0.93293807
720,1,0.88183594,0.62207031,0.73086747
720,2,0.37207031,0.63183594,0.99092947
721,1,0.38183594,0.37207031,0.93834046
721,2,0.87207031,0.88183594,0.20500181
722,1,0.25683594,0.87207031,0.18123307
722,2,0.49707031,0.38183594,0.37922858
723,1,0.75683594,0.24707031,0.06649626
723,2,0.99707031,0.50683594,0.92644942
724,1,0.50683594,0.74707031,0.74112065
724,2,0.24707031,0.00683594,0.72159655
725,1,0.00683594,0.49707031,0.57447312
725,2,0.74707031,0.25683594,0.04809464
726,1,0.00488281,0.99707031,0.84182878
726,2,0.24902344,0.75683594,0.78151449
727,1,0.50488281,0.00292969,0.13977237
727,2,0.74902344,0.25097656,0.82794088
728,1,0.75488281,0.50292969,0.79526731
728,2,0.49902344,0.75097656,0.75050192
729,1,0.25488281,0.25292969,0.20162732
729,2,0.99902344,0.50097656,0.79953714
730,1,0.37988281,0.75292969,0.16365594
730,2,0.37402344,0.00097656,0.82513268
731,1,0.87988281,0.12792969,0.16426580
731,2,0.87402344,0.87597656,0.18640498
732,1,0.62988281,0.62792969,0.81457472
732,2,0.12402344,0.37597656,0.23569175
733,1,0.12988281,0.37792969,0.66519722
733,2,0.62402344,0.12597656,0.63375856
734,1,0.19238281,0.87792969,0.52306542
734,2,0.43652344,0.62597656,0.90786613
735,1,0.69238281,0.06542969,0.35883048
735,2,0.93652344,0.68847656,0.31619658
736,1,0.94238281,0.56542969,0.87720054
736,2,0.18652344,0.18847656,0.58830667
737,1,0.44238281,0.31542969,0.39244511
737,2,0.68652344,0.43847656,0.68298206
738,1,0.31738281,0.81542969,0.81659944
738,2,0.06152344,0.93847656,0.45194860
739,1,0.81738281,0.19042969,0.43913490
739,2,0.56152344,0.06347656,0.71378245
740,1,0.56738281,0.69042969,0.37694443
740,2,0.31152344,0.56347656,0.89966745
741,1,0.06738281,0.44042969,0.46267979
741,2,0.81152344,0.81347656,0.62410155
742,1,0.09863281,0.94042969,0.30137787
742,2,0.28027344,0.31347656,0.53978106
743,1,0.59863281,0.03417969,0.74760938
743,2,0.78027344,0.78222656,0.43874468
744,1,0.84863281,0.53417969,0.50272039
744,2,0.03027344,0.28222656,0.57748627
745,1,0.34863281,0.28417969,0.23221270
745,2,0.53027344,0.03222656,0.35536245
746,1,0.47363281,0.78417969,0.89957457
746,2,0.15527344,0.53222656,0.39148211
747,1,0.97363281,0.15917969,0.38389122
747,2,0.65527344,0.40722656,0.53185748
748,1,0.72363281,0.65917969,0.54355286
748,2,0.40527344,0.90722656,0.06661911
749,1,0.22363281,0.40917969,0.90647211
749,2,0.90527344,0.65722656,0.22902539
750,1,0.16113281,0.90917969,0.62423800
750,2,0.09277344,0.15722656,0.54284931
751,1,0.66113281,0.09667969,0.11689804
751,2,0.59277344,0.21972656,0.43152814
752,1,0.91113281,0.59667969,0.93983212
752,2,0.34277344,0.71972656,0.33281578
753,1,0.41113281,0.34667969,0.62770805
753,2,0.84277344,0.96972656,0.73054914
754,1,0.28613281,0.84667969,0.33490561
754,2,0.46777344,0.46972656,0.69371761
755,1,0.78613281,0.22167969,0.13927208
755,2,0.96777344,0.59472656,0.16673076
756,1,0.53613281,0.72167969,0.79402519
756,2,0.21777344,0.09472656,0.87862911
757,1,0.03613281,0.47167969,0.62007276
757,2,0.71777344,0.34472656,0.49542362
758,1,0.05175781,0.97167969,0.53346109
758,2,0.48339844,0.84472656,0.74146091
759,1,0.55175781,0.01855469,0.89389258
759,2,0.98339844,0.54785156,0.57315085
760,1,0.80175781,0.51855469,0.78859720
760,2,0.23339844,0.04785156,0.99769262
761,1,0.30175781,0.26855469,0.15167488
761,2,0.73339844,0.29785156,0.75240312
762,1,0.42675781,0.76855469,0.31172206
762,2,0.10839844,0.79785156,0.70698047
763,1,0.92675781,0.14355469,0.24848913
763,2,0.60839844,0.17285156,0.77857194
764,1,0.67675781,0.64355469,0.74394630
764,2,0.35839844,0.67285156,0.14312799
765,1,0.17675781,0.39355469,0.03353244
765,2,0.85839844,0.92285156,0.20454459
766,1,0.23925781,0.89355469,0.56988968
766,2,0.17089844,0.42285156,0.71406408
767,1,0.73925781,0.08105469,0.76245868
767,2,0.67089844,0.48535156,0.49398148
768,1,0.98925781,0.58105469,0.87676564
768,2,0.42089844,0.98535156,0.75463529
769,1,0.48925781,0.33105469,0.34208175
769,2,0.92089844,0.73535156,0.10291603
770,1,0.36425781,0.83105469,0.82125730
770,2,0.29589844,0.23535156,0.53648135
771,1,0.86425781,0.20605469,0.11063174
771,2,0.79589844,0.86035156,0.37882156
772,1,0.61425781,0.70605469,0.84645229
772,2,0.04589844,0.36035156,0.45700022
773,1,0.11425781,0.45605469,0.12748866
773,2,0.54589844,0.11035156,0.60395787
774,1,0.08300781,0.95605469,0.39728729
774,2,0.01464844,0.61035156,0.50228834
775,1,0.58300781,0.04980469,0.79729537
775,2,0.51464844,0.01660156,0.53986064
776,1,0.83300781,0.54980469,0.14991742
776,2,0.26464844,0.51660156,0.48635749
777,1,0.33300781,0.29980469,0.22925140
777,2,0.76464844,0.76660156,0.40895517
778,1,0.45800781,0.79980469,0.72225257
778,2,0.38964844,0.26660156,0.77188198
779,1,0.95800781,0.17480469,0.72003654
779,2,0.88964844,0.64160156,0.01220307
780,1,0.70800781,0.67480469,0.64114764
780,2,0.13964844,0.14160156,0.59844270
781,1,0.20800781,0.42480469,0.69394844
781,2,0.63964844,0.39160156,0.56550834
782,1,0.14550781,0.92480469,0.54272444
782,2,0.32714844,0.89160156,0.71617908
783,1,0.64550781,0.11230469,0.25179906
783,2,0.82714844,0.95410156,0.59902937
784,1,0.89550781,0.61230469,0.34569599
784,2,0.07714844,0.45410156,0.82679883
785,1,0.39550781,0.36230469,0.18159771
785,2,0.57714844,0.20410156,0.95907479
786,1,0.27050781,0.86230469,0.90845056
786,2,0.20214844,0.70410156,0.34252425
787,1,0.77050781,0.23730469,0.58339179
787,2,0.70214844,0.32910156,0.22735098
788,1,0.52050781,0.73730469,0.40085142
788,2,0.45214844,0.82910156,0.42359686
789,1,0.02050781,0.48730469,0.46200580
789,2,0.95214844,0.57910156,0.28792962
790,1,0.02832031,0.98730469,0.94728334
790,2,0.35058594,0.07910156,0.61495026
791,1,0.52832031,0.01074219,0.15335140
791,2,0.85058594,0.91503906,0.91185241
792,1,0.77832031,0.51074219,0.58622983
792,2,0.10058594,0.41503906,0.13911619
793,1,0.27832031,0.26074219,0.50588868
793,2,0.60058594,0.16503906,0.10079460
794,1,0.40332031,0.76074219,0.61145424
794,2,0.22558594,0.66503906,0.25601553
795,1,0.90332031,0.13574219,0.01811018
795,2,0.72558594,0.29003906,0.72609558
796,1,0.65332031,0.63574219,0.87212391
796,2,0.47558594,0.79003906,0.59296290
797,1,0.15332031,0.38574219,0.93211828
797,2,0.97558594,0.54003906,0.10221266
798,1,0.21582031,0.88574219,0.56513318
798,2,0.03808594,0.04003906,0.91875052
799,1,0.71582031,0.07324219,0.69665082
799,2,0.53808594,0.10253906,0.79008463
800,1,0.96582031,0.57324219,0.92249939
800,2,0.28808594,0.60253906,0.02302260
801,1,0.46582031,0.32324219,0.70723863
801,2,0.78808594,0.85253906,0.65136722
802,1,0.34082031,0.82324219,0.15253904
802,2,0.41308594,0.35253906,0.77124667
803,1,0.84082031,0.19824219,0.57628836
803,2,0.91308594,0.72753906,0.37443537
804,1,0.59082031,0.69824219,0.60671505
804,2,0.16308594,0.22753906,0.06892154
805,1,0.09082031,0.44824219,0.42413068
805,2,0.66308594,0.47753906,0.07732106
806,1,0.12207031,0.94824219,0.73644424
806,2,0.13183594,0.97753906,0.10424696
807,1,0.62207031,0.04199219,0.93436701
807,2,0.63183594,0.38378906,0.84043963
808,1,0.87207031,0.54199219,0.92556851
808,2,0.38183594,0.88378906,0.91068620
809,1,0.37207031,0.29199219,0.45083938
809,2,0.88183594,0.63378906,0.12281078
810,1,0.49707031,0.79199219,0.11323805
810,2,0.25683594,0.13378906,0.23590603
811,1,0.99707031,0.16699219,0.98484120
811,2,0.75683594,0.75878906,0.16552051
812,1,0.74707031,0.66699219,0.83889809
812,2,0.00683594,0.25878906,0.18632088
813,1,0.24707031,0.41699219,0.12466268
813,2,0.50683594,0.00878906,0.83749079
814,1,0.18457031,0.91699219,0.92084189
814,2,0.44433594,0.50878906,0.33214641
815,1,0.68457031,0.10449219,0.86989637
815,2,0.94433594,0.57128906,0.31144427
816,1,0.93457031,0.60449219,0.51883806
816,2,0.19433594,0.07128906,0.22739562
817,1,0.43457031,0.35449219,0.59127543
817,2,0.69433594,0.32128906,0.60789439
818,1,0.30957031,0.85449219,0.39900271
818,2,0.06933594,0.82128906,0.37930570
819,1,0.80957031,0.22949219,0.05476164
819,2,0.56933594,0.19628906,0.74424965
820,1,0.55957031,0.72949219,0.33519724
820,2,0.31933594,0.69628906,0.20557980
821,1,0.05957031,0.47949219,0.80285345
821,2,0.81933594,0.94628906,0.78778989
822,1,0.04394531,0.97949219,0.00463202
822,2,0.11621094,0.44628906,0.60372154
823,1,0.54394531,0.02636719,0.33349917
823,2,0.61621094,0.14941406,0.11426730
824,1,0.79394531,0.52636719,0.39816870
824,2,0.36621094,0.64941406,0.41450458
825,1,0.29394531,0.27636719,0.53739560
825,2,0.86621094,0.89941406,0.86351814
826,1,0.41894531,0.77636719,0.91985561
826,2,0.49121094,0.39941406,0.92296023
827,1,0.91894531,0.15136719,0.34634599
827,2,0.99121094,0.52441406,0.46570012
828,1,0.66894531,0.65136719,0.34695320
828,2,0.24121094,0.02441406,0.48083698
829,1,0.16894531,0.40136719,0.73750124
829,2,0.74121094,0.27441406,0.91845473
830,1,0.23144531,0.90136719,0.45221794
830,2,0.30371094,0.77441406,0.58706823
831,1,0.73144531,0.08886719,0.22460483
831,2,0.80371094,0.83691406,0.03284667
832,1,0.98144531,0.58886719,0.45243951
832,2,0.05371094,0.33691406,0.91274947
833,1,0.48144531,0.33886719,0.14085702
833,2,0.55371094,0.08691406,0.24822645
834,1,0.35644531,0.83886719,0.17638699
834,2,0.17871094,0.58691406,0.57763196
835,1,0.85644531,0.21386719,0.49836777
835,2,0.67871094,0.46191406,0.16551332
836,1,0.60644531,0.71386719,0.41892545
836,2,0.42871094,0.96191406,0.03387916
837,1,0.10644531,0.46386719,0.91484590
837,2,0.92871094,0.71191406,0.31147317
838,1,0.07519531,0.96386719,0.36239390
838,2,0.39746094,0.21191406,0.78049571
839,1,0.57519531,0.05761719,0.58058836
839,2,0.89746094,0.68066406,0.27758717
840,1,0.82519531,0.55761719,0.63226429
840,2,0.14746094,0.18066406,0.22009722
841,1,0.32519531,0.30761719,0.01309446
841,2,0.64746094,0.43066406,0.21268078
842,1,0.45019531,0.80761719,0.66353737
842,2,0.02246094,0.93066406,0.51517368
843,1,0.95019531,0.18261719,0.17803596
843,2,0.52246094,0.05566406,0.97554131
844,1,0.70019531,0.68261719,0.96107032
844,2,0.27246094,0.55566406,0.45898899
845,1,0.20019531,0.43261719,0.14866273
845,2,0.77246094,0.80566406,0.55730537
846,1,0.13769531,0.93261719,0.41462412
846,2,0.20996094,0.30566406,0.86063202
847,1,0.63769531,0.12011719,0.08534967
847,2,0.70996094,0.36816406,0.53506972
848,1,0.88769531,0.62011719,0.99687426
848,2,0.45996094,0.86816406,0.18446287
849,1,0.38769531,0.37011719,0.50219501
849,2,0.95996094,0.61816406,0.29959591
850,1,0.26269531,0.87011719,0.59538502
850,2,0.33496094,0.11816406,0.30993693
851,1,0.76269531,0.24511719,0.06707648
851,2,0.83496094,0.99316406,0.39731812
852,1,0.51269531,0.74511719,0.74996047
852,2,0.08496094,0.49316406,0.42678891
853,1,0.01269531,0.49511719,0.20990559
853,2,0.58496094,0.24316406,0.79978202
854,1,0.00878906,0.99511719,0.89805429
854,2,0.41699219,0.74316406,0.34938700
855,1,0.50878906,0.00683594,0.20513964
855,2,0.91699219,0.74707031,0.46823183
856,1,0.75878906,0.50683594,0.19068772
856,2,0.16699219,0.24707031,0.62497599
857,1,0.25878906,0.25683594,0.03654967
857,2,0.66699219,0.49707031,0.37772595
858,1,0.38378906,0.75683594,0.47206695
858,2,0.04199219,0.99707031,0.83656481
859,1,0.88378906,0.13183594,0.56484113
859,2,0.54199219,0.12207031,0.58745361
860,1,0.63378906,0.63183594,0.06570864
860,2,0.29199219,0.62207031,0.29404467
861,1,0.13378906,0.38183594,0.77552761
861,2,0.79199219,0.87207031,0.71405920
862,1,0.19628906,0.88183594,0.45328883
862,2,0.22949219,0.37207031,0.52764773
863,1,0.69628906,0.06933594,0.52439027
863,2,0.72949219,0.30957031,0.53445589
864,1,0.94628906,0.56933594,0.44076275
864,2,0.47949219,0.80957031,0.48108795
865,1,0.44628906,0.31933594,0.40076306
865,2,0.97949219,0.55957031,0.49701195
866,1,0.32128906,0.81933594,0.55964033
866,2,0.35449219,0.05957031,0.76535628
867,1,0.82128906,0.19433594,0.15524025
867,2,0.85449219,0.93457031,0.10298148
868,1,0.57128906,0.69433594,0.18192813
868,2,0.10449219,0.43457031,0.33436281
869,1,0.07128906,0.44433594,0.86178563
869,2,0.60449219,0.18457031,0.07550336
870,1,0.10253906,0.94433594,0.94611546
870,2,0.07324219,0.68457031,0.75324622
871,1,0.60253906,0.03808594,0.37330932
871,2,0.57324219,0.21582031,0.27230185
872,1,0.85253906,0.53808594,0.27074467
872,2,0.32324219,0.71582031,0.89743041
873,1,0.35253906,0.28808594,0.64399954
873,2,0.82324219,0.96582031,0.52657846
874,1,0.47753906,0.78808594,0.40873417
874,2,0.44824219,0.46582031,0.80074977
875,1,0.97753906,0.16308594,0.02538635
875,2,0.94824219,0.59082031,0.97893144
876,1,0.72753906,0.66308594,0.15615260
876,2,0.19824219,0.09082031,0.83978886
877,1,0.22753906,0.41308594,0.71597223
877,2,0.69824219,0.34082031,0.86699376
878,1,0.16503906,0.91308594,0.65892395
878,2,0.26074219,0.84082031,0.40798450
879,1,0.66503906,0.10058594,0.02709599
879,2,0.76074219,0.77832031,0.55172260
880,1,0.91503906,0.60058594,0.22197217
880,2,0.01074219,0.27832031,0.25388856
881,1,0.41503906,0.35058594,0.23107480
881,2,0.51074219,0.02832031,0.19611310
882,1,0.29003906,0.85058594,0.67189275
882,2,0.13574219,0.52832031,0.50550789
883,1,0.79003906,0.22558594,0.01971054
883,2,0.63574219,0.40332031,0.59504898
884,1,0.54003906,0.72558594,0.10410858
884,2,0.38574219,0.90332031,0.33927125
885,1,0.04003906,0.47558594,0.79991608
885,2,0.88574219,0.65332031,0.56944352
886,1,0.05566406,0.97558594,0.17854466
886,2,0.18261719,0.15332031,0.88746048
887,1,0.55566406,0.02246094,0.65274610
887,2,0.68261719,0.45019531,0.55672159
888,1,0.80566406,0.52246094,0.23818278
888,2,0.43261719,0.95019531,0.72081310
889,1,0.30566406,0.27246094,0.09944139
889,2,0.93261719,0.70019531,0.80531497
890,1,0.43066406,0.77246094,0.24317219
890,2,0.30761719,0.20019531,0.98872878
891,1,0.93066406,0.14746094,0.72226693
891,2,0.80761719,0.82519531,0.60319740
892,1,0.68066406,0.64746094,0.85569647
892,2,0.05761719,0.32519531,0.80685015
893,1,0.18066406,0.39746094,0.83021986
893,2,0.55761719,0.07519531,0.96264932
894,1,0.24316406,0.89746094,0.39718352
894,2,0.49511719,0.57519531,0.94440973
895,1,0.74316406,0.08496094,0.66808514
895,2,0.99511719,0.51269531,0.14108185
896,1,0.99316406,0.58496094,0.20498430
896,2,0.24511719,0.01269531,0.40639231
897,1,0.49316406,0.33496094,0.29314773
897,2,0.74511719,0.26269531,0.32399006
898,1,0.36816406,0.83496094,0.89633582
898,2,0.12011719,0.76269531,0.08692502
899,1,0.86816406,0.20996094,0.01300192
899,2,0.62011719,0.13769531,0.63324078
900,1,0.61816406,0.70996094,0.08550853
900,2,0.37011719,0.63769531,0.73590461
901,1,0.11816406,0.45996094,0.20788625
901,2,0.87011719,0.88769531,0.84812810
902,1,0.08691406,0.95996094,0.02653221
902,2,0.33886719,0.38769531,0.12277689
903,1,0.58691406,0.05371094,0.18143544
903,2,0.83886719,0.98144531,0.87644408
904,1,0.83691406,0.55371094,0.58304156
904,2,0.08886719,0.48144531,0.64292557
905,1,0.33691406,0.30371094,0.42142455
905,2,0.58886719,0.23144531,0.70394613
906,1,0.46191406,0.80371094,0.89267170
906,2,0.21386719,0.73144531,0.91062400
907,1,0.96191406,0.17871094,0.81744356
907,2,0.71386719,0.35644531,0.62476127
908,1,0.71191406,0.67871094,0.34181735
908,2,0.46386719,0.85644531,0.33586586
909,1,0.21191406,0.42871094,0.25942343
909,2,0.96386719,0.60644531,0.82510734
910,1,0.14941406,0.92871094,0.37969241
910,2,0.02636719,0.10644531,0.36305921
911,1,0.64941406,0.11621094,0.59029495
911,2,0.52636719,0.04394531,0.03422811
912,1,0.89941406,0.61621094,0.26806364
912,2,0.27636719,0.54394531,0.83065451
913,1,0.39941406,0.36621094,0.62414891
913,2,0.77636719,0.79394531,0.34519214
914,1,0.27441406,0.86621094,0.40941165
914,2,0.40136719,0.29394531,0.77383453
915,1,0.77441406,0.24121094,0.55204718
915,2,0.90136719,0.66894531,0.36275789
916,1,0.52441406,0.74121094,0.43612652
916,2,0.15136719,0.16894531,0.86106802
917,1,0.02441406,0.49121094,0.29446576
917,2,0.65136719,0.41894531,0.21951052
918,1,0.01660156,0.99121094,0.94845330
918,2,0.04980469,0.91894531,0.97454727
919,1,0.51660156,0.01464844,0.76360579
919,2,0.54980469,0.08300781,0.77975878
920,1,0.76660156,0.51464844,0.14011318
920,2,0.29980469,0.58300781,0.11423792
921,1,0.26660156,0.26464844,0.86846797
921,2,0.79980469,0.83300781,0.56577662
922,1,0.39160156,0.76464844,0.48743120
922,2,0.42480469,0.33300781,0.98536731
923,1,0.89160156,0.13964844,0.89455223
923,2,0.92480469,0.70800781,0.47106545
924,1,0.64160156,0.63964844,0.79985526
924,2,0.17480469,0.20800781,0.18210714
925,1,0.14160156,0.38964844,0.42521350
925,2,0.67480469,0.45800781,0.48477837
926,1,0.20410156,0.88964844,0.02246931
926,2,0.36230469,0.95800781,0.51245766
927,1,0.70410156,0.07714844,0.26867736
927,2,0.86230469,0.89550781,0.74168694
928,1,0.95410156,0.57714844,0.54163421
928,2,0.11230469,0.39550781,0.69884585
929,1,0.45410156,0.32714844,0.63347822
929,2,0.61230469,0.14550781,0.40255005
930,1,0.32910156,0.82714844,0.25788769
930,2,0.23730469,0.64550781,0.21802311
931,1,0.82910156,0.20214844,0.13935607
931,2,0.73730469,0.27050781,0.64505417
932,1,0.57910156,0.70214844,0.83493024
932,2,0.48730469,0.77050781,0.42170393
933,1,0.07910156,0.45214844,0.98440218
933,2,0.98730469,0.52050781,0.13227621
934,1,0.11035156,0.95214844,0.52569018
934,2,0.45605469,0.02050781,0.90057231
935,1,0.61035156,0.04589844,0.17167928
935,2,0.95605469,0.61425781,0.69122186
936,1,0.86035156,0.54589844,0.27230733
936,2,0.20605469,0.11425781,0.68318386
937,1,0.36035156,0.29589844,0.01839067
937,2,0.70605469,0.36425781,0.82258387
938,1,0.48535156,0.79589844,0.91429881
938,2,0.08105469,0.86425781,0.52966168
939,1,0.98535156,0.17089844,0.11775108
939,2,0.58105469,0.23925781,0.81505443
940,1,0.73535156,0.67089844,0.57651647
940,2,0.33105469,0.73925781,0.49809075
941,1,0.23535156,0.42089844,0.27405522
941,2,0.83105469,0.98925781,0.06717540
942,1,0.17285156,0.92089844,0.55417800
942,2,0.14355469,0.48925781,0.40524808
943,1,0.67285156,0.10839844,0.65142039
943,2,0.64355469,0.42675781,0.49746489
944,1,0.92285156,0.60839844,0.82974180
944,2,0.39355469,0.92675781,0.72020258
945,1,0.42285156,0.35839844,0.20642128
945,2,0.89355469,0.67675781,0.10657873
946,1,0.29785156,0.85839844,0.01099583
946,2,0.26855469,0.17675781,0.14001854
947,1,0.79785156,0.23339844,0.13688563
947,2,0.76855469,0.80175781,0.26368380
948,1,0.54785156,0.73339844,0.90001865
948,2,0.01855469,0.30175781,0.26649839
949,1,0.04785156,0.48339844,0.87389007
949,2,0.51855469,0.05175781,0.73218458
950,1,0.03222656,0.98339844,0.59741310
950,2,0.28417969,0.55175781,0.25073066
951,1,0.53222656,0.03027344,0.60051686
951,2,0.78417969,0.84863281,0.63309806
952,1,0.78222656,0.53027344,0.66503668
952,2,0.03417969,0.34863281,0.49427385
953,1,0.28222656,0.28027344,0.17537128
953,2,0.53417969,0.09863281,0.57329437
954,1,0.40722656,0.78027344,0.91441194
954,2,0.15917969,0.59863281,0.83810696
955,1,0.90722656,0.15527344,0.41877053
955,2,0.65917969,0.47363281,0.40438150
956,1,0.65722656,0.65527344,0.38313853
956,2,0.40917969,0.97363281,0.77091138
957,1,0.15722656,0.40527344,0.51891771
957,2,0.90917969,0.72363281,0.42203606
958,1,0.21972656,0.90527344,0.04696597
958,2,0.09667969,0.22363281,0.35387138
959,1,0.71972656,0.09277344,0.16628337
959,2,0.59667969,0.16113281,0.95862718
960,1,0.96972656,0.59277344,0.73803362
960,2,0.34667969,0.66113281,0.18437092
961,1,0.46972656,0.34277344,0.08279867
961,2,0.84667969,0.91113281,0.09033696
962,1,0.34472656,0.84277344,0.60315210
962,2,0.47167969,0.41113281,0.77098593
963,1,0.84472656,0.21777344,0.24534911
963,2,0.97167969,0.53613281,0.06824971
964,1,0.59472656,0.71777344,0.38929561
964,2,0.22167969,0.03613281,0.83707899
965,1,0.09472656,0.46777344,0.28869374
965,2,0.72167969,0.28613281,0.43719340
966,1,0.06347656,0.96777344,0.35567272
966,2,0.19042969,0.78613281,0.91551367
967,1,0.56347656,0.06152344,0.71904590
967,2,0.69042969,0.31738281,0.72153286
968,1,0.81347656,0.56152344,0.29712171
968,2,0.44042969,0.81738281,0.61040466
969,1,0.31347656,0.31152344,0.56640463
969,2,0.94042969,0.56738281,0.94930680
970,1,0.43847656,0.81152344,0.47605040
970,2,0.31542969,0.06738281,0.39664937
971,1,0.93847656,0.18652344,0.66367116
971,2,0.81542969,0.94238281,0.95408693
972,1,0.68847656,0.68652344,0.93682974
972,2,0.06542969,0.44238281,0.13500128
973,1,0.18847656,0.43652344,0.73257209
973,2,0.56542969,0.19238281,0.48375495
974,1,0.12597656,0.93652344,0.21494038
974,2,0.37792969,0.69238281,0.26991123
975,1,0.62597656,0.12402344,0.03118313
975,2,0.87792969,0.62988281,0.53984278
976,1,0.87597656,0.62402344,0.26226405
976,2,0.12792969,0.12988281,0.16201388
977,1,0.37597656,0.37402344,0.59507792
977,2,0.62792969,0.37988281,0.84152966
978,1,0.25097656,0.87402344,0.05142581
978,2,0.00292969,0.87988281,0.84640785
979,1,0.75097656,0.24902344,0.49636625
979,2,0.50292969,0.00488281,0.95523631
980,1,0.50097656,0.74902344,0.59684285
980,2,0.25292969,0.50488281,0.15467214
981,1,0.00097656,0.49902344,0.33424389
981,2,0.75292969,0.75488281,0.62333255
982,1,0.00146484,0.99902344,0.77091221
982,2,0.37646484,0.25488281,0.47423731
983,1,0.50146484,0.00048828,0.10659826
983,2,0.87646484,0.62744141,0.34438373
984,1,0.75146484,0.50048828,0.07513778
984,2,0.12646484,0.12744141,0.35154016
985,1,0.25146484,0.25048828,0.72818876
985,2,0.62646484,0.37744141,0.41279355
986,1,0.37646484,0.75048828,0.49549132
986,2,0.00146484,0.87744141,0.70492555
987,1,0.87646484,0.12548828,0.68840239
987,2,0.50146484,0.00244141,0.59828606
988,1,0.62646484,0.62548828,0.43482734
988,2,0.25146484,0.50244141,0.45968152
989,1,0.12646484,0.37548828,0.24640203
989,2,0.75146484,0.75244141,0.07593340
990,1,0.18896484,0.87548828,0.81910232
990,2,0.18896484,0.25244141,0.07776534
991,1,0.68896484,0.06298828,0.79941588
991,2,0.68896484,0.31494141,0.00233939
992,1,0.93896484,0.56298828,0.69469647
992,2,0.43896484,0.81494141,0.96769939
993,1,0.43896484,0.31298828,0.27214514
993,2,0.93896484,0.56494141,0.00525382
994,1,0.31396484,0.81298828,0.59023067
994,2,0.31396484,0.06494141,0.10309375
995,1,0.81396484,0.18798828,0.36097390
995,2,0.81396484,0.93994141,0.31459656
996,1,0.56396484,0.68798828,0.09158207
996,2,0.06396484,0.43994141,0.80743025
997,1,0.06396484,0.43798828,0.91731357
997,2,0.56396484,0.18994141,0.96209879
998,1,0.09521484,0.93798828,0.13681863
998,2,0.09521484,0.68994141,0.79001356
999,1,0.59521484,0.03173828,0.95023735
999,2,0.59521484,0.15869141,0.69056023
1000,1,0.84521484,0.53173828,0.44600577
1000,2,0.34521484,0.65869141,0.52130067
